"","E1","E2","E3","E4","E5","E6","E7","E8","E9","E10","E11","E12","E13","E14","E15","E16","E17","E18","E19","E20","E21","E22","E23","E24","E25","E26","E27","E28","group"
"1","no event","no event","no event","no event","no event","no event","no event","no event","no event","no event","no event","no event","no event","no event","no event","no event","no event","no event","no event","no event","no event","no event","no event","no event","no event","no event","no event","no event","A"
"2","no event","no event","no event","no event","no event","no event","no event","no event","no event","no event","no event","no event","no event","no event","no event","no event","no event","no event","no event","no event","no event","no event","no event","no event","no event","no event","no event","no event","A"
"3","no event","no event","no event","no event","no event","no event","no event","no event","no event","no event","no event","no event","no event","no event","no event","no event","no event","no event","no event","no event","no event","no event","no event","no event","no event","no event","no event","no event","A"
"4","no event","no event","no event","no event","no event","no event","no event","no event","no event","no event","no event","no event","no event","no event","no event","no event","no event","no event","no event","no event","no event","no event","no event","no event","no event","no event","no event","no event","A"
"5","no event","no event","no event","no event","no event","no event","no event","no event","no event","no event","no event","no event","no event","no event","no event","no event","no event","no event","no event","no event","no event","no event","no event","no event","no event","no event","no event","no event","A"
"6","no event","no event","no event","no event","no event","no event","no event","no event","no event","no event","no event","no event","no event","no event","no event","no event","no event","no event","no event","no event","no event","no event","no event","no event","no event","no event","no event","no event","A"
"7","no event","no event","no event","no event","no event","no event","no event","no event","no event","no event","no event","no event","no event","no event","no event","no event","no event","no event","no event","no event","no event","no event","no event","no event","no event","no event","no event","no event","A"
"8","no event","no event","no event","no event","no event","no event","no event","no event","no event","no event","no event","no event","no event","no event","no event","no event","no event","no event","no event","no event","no event","no event","no event","no event","no event","no event","no event","no event","A"
"9","no event","no event","no event","no event","no event","no event","no event","no event","no event","no event","no event","no event","no event","no event","no event","no event","no event","no event","no event","no event","no event","no event","no event","no event","no event","no event","no event","no event","A"
"10","no event","no event","no event","no event","no event","no event","no event","no event","no event","no event","no event","no event","no event","no event","no event","no event","no event","no event","no event","no event","no event","no event","no event","no event","no event","no event","no event","no event","A"
"11","no event","no event","no event","no event","no event","no event","no event","no event","no event","no event","no event","no event","no event","no event","no event","no event","no event","no event","no event","no event","no event","no event","no event","no event","no event","no event","no event","no event","A"
"12","no event","event","event","no event","no event","no event","no event","no event","no event","no event","no event","no event","no event","no event","no event","no event","event","no event","no event","no event","no event","no event","no event","no event","no event","no event","no event","event","A"
"13","no event","no event","no event","no event","no event","no event","no event","no event","no event","no event","no event","no event","no event","no event","no event","no event","no event","no event","no event","no event","no event","no event","no event","no event","no event","no event","no event","no event","A"
"14","no event","no event","no event","no event","no event","no event","no event","no event","no event","no event","no event","no event","no event","no event","no event","no event","no event","no event","no event","no event","no event","no event","no event","no event","no event","no event","no event","no event","A"
"15","no event","no event","no event","no event","no event","no event","no event","no event","no event","no event","no event","no event","no event","no event","no event","no event","no event","event","no event","no event","no event","no event","no event","no event","no event","no event","no event","event","A"
"16","no event","no event","no event","no event","no event","no event","no event","no event","no event","no event","no event","no event","no event","no event","no event","no event","no event","no event","no event","no event","no event","no event","no event","no event","no event","no event","no event","no event","A"
"17","no event","no event","no event","no event","no event","no event","no event","no event","no event","no event","no event","no event","no event","no event","no event","no event","no event","no event","no event","no event","no event","no event","no event","no event","no event","no event","no event","no event","A"
"18","no event","event","no event","no event","no event","no event","no event","no event","no event","no event","no event","no event","no event","no event","no event","no event","no event","no event","no event","no event","no event","no event","no event","no event","no event","no event","no event","event","A"
"19","no event","no event","no event","event","no event","no event","no event","no event","no event","no event","no event","no event","no event","no event","no event","no event","no event","no event","no event","no event","no event","event","no event","no event","no event","no event","no event","event","A"
"20","event","no event","event","no event","no event","no event","no event","no event","no event","no event","no event","no event","no event","no event","no event","no event","no event","no event","no event","no event","no event","no event","no event","no event","no event","no event","no event","event","A"
"21","no event","no event","no event","no event","no event","no event","no event","no event","no event","no event","no event","no event","no event","no event","no event","no event","no event","no event","no event","no event","no event","no event","no event","no event","no event","no event","no event","no event","A"
"22","event","no event","no event","no event","no event","no event","no event","no event","no event","no event","no event","no event","no event","no event","no event","no event","no event","no event","no event","no event","no event","no event","no event","no event","no event","no event","no event","event","A"
"23","no event","no event","no event","no event","no event","no event","no event","no event","no event","no event","no event","no event","no event","no event","no event","no event","no event","no event","no event","no event","no event","no event","no event","no event","no event","no event","no event","no event","A"
"24","no event","event","event","no event","no event","no event","no event","no event","no event","no event","event","no event","no event","no event","no event","no event","no event","no event","no event","no event","no event","no event","no event","no event","no event","no event","no event","event","A"
"25","no event","event","no event","no event","no event","no event","no event","no event","no event","no event","no event","no event","no event","no event","no event","no event","no event","no event","no event","no event","no event","no event","no event","no event","no event","no event","no event","event","A"
"26","no event","no event","no event","no event","no event","no event","no event","no event","no event","no event","no event","event","no event","no event","no event","no event","no event","no event","no event","no event","no event","no event","no event","no event","no event","no event","event","event","A"
"27","no event","no event","no event","no event","no event","no event","no event","no event","no event","no event","no event","no event","no event","no event","no event","no event","no event","no event","no event","no event","no event","no event","no event","no event","no event","no event","no event","no event","A"
"28","event","no event","no event","no event","no event","no event","no event","no event","no event","no event","no event","no event","no event","no event","no event","no event","no event","no event","no event","no event","no event","no event","no event","no event","no event","no event","no event","event","A"
"29","no event","event","no event","no event","no event","no event","no event","no event","no event","no event","no event","no event","no event","no event","no event","no event","no event","no event","event","no event","no event","no event","no event","no event","no event","no event","no event","event","A"
"30","event","no event","no event","no event","no event","no event","no event","no event","event","no event","no event","no event","no event","no event","no event","no event","no event","no event","no event","no event","no event","no event","no event","no event","no event","no event","no event","event","A"
"31","no event","no event","no event","no event","no event","no event","no event","no event","no event","no event","no event","no event","no event","event","no event","no event","no event","no event","no event","no event","no event","no event","no event","no event","no event","no event","no event","event","A"
"32","no event","no event","no event","no event","no event","no event","no event","no event","no event","no event","no event","no event","no event","no event","no event","no event","no event","no event","no event","no event","no event","no event","no event","no event","no event","no event","no event","no event","A"
"33","no event","no event","no event","no event","no event","no event","no event","no event","no event","no event","no event","no event","no event","no event","no event","no event","no event","no event","no event","no event","no event","no event","no event","no event","no event","no event","no event","no event","A"
"34","no event","no event","no event","no event","no event","no event","no event","no event","no event","no event","no event","no event","no event","no event","no event","no event","no event","no event","no event","no event","no event","no event","no event","no event","no event","no event","no event","no event","A"
"35","no event","no event","no event","no event","no event","no event","no event","no event","no event","no event","no event","no event","no event","no event","no event","no event","no event","no event","no event","no event","no event","no event","no event","no event","no event","no event","no event","no event","A"
"36","no event","no event","no event","no event","no event","no event","no event","no event","no event","no event","no event","no event","no event","no event","no event","no event","no event","no event","no event","no event","no event","no event","no event","no event","no event","no event","no event","no event","A"
"37","no event","no event","no event","no event","no event","no event","no event","no event","no event","no event","no event","no event","no event","no event","no event","no event","no event","no event","no event","no event","no event","no event","no event","no event","no event","no event","no event","no event","A"
"38","no event","no event","no event","no event","no event","no event","no event","no event","no event","no event","no event","no event","no event","no event","no event","no event","no event","no event","no event","no event","no event","no event","no event","no event","no event","no event","no event","no event","A"
"39","no event","no event","no event","no event","no event","no event","event","no event","no event","no event","no event","no event","no event","no event","no event","no event","no event","no event","no event","no event","no event","no event","no event","no event","no event","no event","no event","event","A"
"40","no event","no event","no event","no event","no event","no event","no event","no event","no event","no event","no event","no event","no event","no event","no event","no event","no event","no event","no event","no event","no event","no event","no event","no event","no event","no event","no event","no event","A"
"41","no event","no event","no event","no event","no event","no event","no event","no event","no event","no event","no event","no event","no event","no event","no event","no event","no event","no event","no event","no event","no event","no event","no event","no event","no event","no event","no event","no event","A"
"42","no event","no event","no event","no event","no event","no event","no event","no event","no event","no event","no event","no event","no event","no event","no event","no event","no event","no event","no event","no event","no event","no event","no event","no event","no event","no event","no event","no event","A"
"43","no event","no event","no event","no event","no event","no event","no event","no event","no event","no event","no event","no event","no event","no event","no event","no event","no event","no event","no event","no event","no event","no event","no event","no event","no event","no event","no event","no event","A"
"44","no event","no event","no event","no event","no event","no event","no event","no event","no event","no event","no event","no event","no event","no event","no event","no event","no event","no event","no event","no event","no event","no event","no event","no event","no event","no event","no event","no event","A"
"45","no event","no event","no event","no event","no event","no event","no event","no event","no event","no event","no event","no event","no event","no event","no event","no event","no event","no event","no event","no event","no event","no event","no event","no event","no event","no event","no event","no event","A"
"46","no event","no event","no event","no event","no event","no event","no event","no event","no event","no event","no event","no event","no event","no event","no event","no event","no event","no event","no event","no event","no event","no event","no event","no event","no event","no event","no event","no event","A"
"47","no event","no event","no event","no event","no event","no event","no event","no event","no event","no event","no event","no event","no event","no event","no event","no event","no event","no event","no event","no event","no event","no event","no event","no event","no event","no event","no event","no event","A"
"48","no event","no event","no event","no event","no event","no event","no event","no event","no event","no event","no event","no event","no event","no event","no event","no event","no event","no event","no event","no event","no event","no event","no event","no event","no event","no event","no event","no event","A"
"49","no event","no event","no event","no event","no event","no event","no event","no event","no event","no event","no event","no event","no event","no event","no event","no event","no event","no event","no event","no event","no event","no event","no event","no event","no event","no event","no event","no event","A"
"50","no event","no event","no event","no event","no event","no event","no event","no event","no event","no event","no event","no event","no event","no event","no event","no event","no event","no event","no event","no event","no event","no event","no event","no event","no event","no event","no event","no event","A"
"51","no event","no event","no event","no event","no event","no event","no event","no event","no event","no event","no event","no event","no event","no event","no event","no event","no event","no event","no event","no event","no event","no event","no event","no event","no event","no event","no event","no event","A"
"52","no event","no event","no event","event","no event","no event","no event","no event","no event","no event","no event","no event","no event","no event","no event","no event","no event","no event","no event","no event","no event","no event","no event","no event","no event","no event","no event","event","A"
"53","no event","no event","no event","event","no event","no event","no event","no event","no event","no event","no event","no event","no event","no event","no event","no event","no event","no event","no event","no event","no event","no event","no event","no event","no event","no event","no event","event","A"
"54","no event","event","no event","no event","no event","no event","no event","no event","no event","no event","no event","no event","no event","no event","no event","no event","no event","no event","no event","no event","no event","no event","no event","no event","no event","no event","no event","event","A"
"55","no event","no event","event","no event","no event","no event","no event","no event","no event","no event","no event","no event","no event","no event","no event","no event","no event","no event","no event","no event","no event","no event","no event","no event","no event","no event","no event","event","A"
"56","no event","no event","no event","no event","no event","no event","no event","no event","no event","no event","no event","no event","no event","no event","no event","no event","no event","no event","no event","no event","no event","no event","no event","no event","no event","no event","no event","no event","A"
"57","event","no event","no event","event","no event","no event","no event","no event","event","no event","no event","no event","no event","no event","no event","no event","no event","no event","no event","no event","no event","no event","no event","no event","no event","no event","no event","event","A"
"58","event","no event","no event","no event","no event","no event","no event","no event","no event","no event","no event","no event","no event","no event","no event","no event","no event","no event","no event","no event","no event","no event","no event","no event","no event","event","no event","event","A"
"59","event","no event","no event","no event","no event","no event","no event","no event","no event","no event","no event","no event","no event","no event","no event","no event","no event","no event","no event","no event","no event","no event","no event","no event","no event","no event","no event","event","A"
"60","no event","no event","no event","no event","event","no event","no event","no event","no event","no event","no event","event","no event","no event","no event","no event","no event","no event","no event","no event","no event","no event","no event","no event","no event","no event","no event","event","A"
"61","no event","no event","event","no event","no event","no event","no event","no event","no event","no event","no event","no event","no event","event","no event","no event","no event","no event","event","no event","event","no event","no event","no event","no event","no event","no event","event","A"
"62","no event","no event","no event","no event","no event","no event","no event","no event","no event","no event","no event","no event","no event","no event","no event","no event","no event","no event","no event","no event","no event","no event","no event","no event","no event","no event","no event","no event","A"
"63","no event","no event","no event","no event","no event","no event","no event","no event","no event","no event","no event","no event","no event","no event","no event","no event","no event","no event","no event","no event","no event","no event","no event","no event","no event","no event","no event","no event","A"
"64","no event","no event","no event","event","no event","no event","no event","no event","no event","no event","no event","no event","no event","no event","no event","no event","no event","no event","no event","no event","no event","no event","no event","no event","no event","no event","no event","event","A"
"65","no event","no event","no event","no event","no event","no event","no event","no event","no event","no event","no event","no event","no event","no event","no event","no event","no event","no event","no event","no event","no event","no event","no event","no event","no event","no event","no event","no event","A"
"66","no event","no event","no event","no event","event","no event","no event","no event","no event","no event","no event","no event","event","no event","no event","no event","no event","no event","no event","no event","no event","no event","no event","no event","no event","no event","no event","event","A"
"67","no event","no event","no event","no event","no event","no event","no event","no event","no event","no event","no event","no event","no event","no event","no event","event","no event","no event","no event","no event","no event","no event","no event","no event","no event","no event","no event","event","A"
"68","no event","no event","no event","no event","no event","no event","no event","no event","no event","no event","no event","no event","no event","no event","no event","no event","no event","no event","no event","no event","no event","no event","no event","no event","no event","no event","no event","no event","A"
"69","no event","no event","no event","no event","no event","no event","no event","no event","event","no event","no event","no event","no event","no event","no event","no event","no event","no event","no event","no event","no event","no event","no event","no event","no event","no event","no event","event","A"
"70","event","event","no event","no event","no event","no event","no event","no event","no event","no event","no event","no event","no event","no event","no event","no event","no event","no event","no event","no event","no event","no event","no event","no event","no event","no event","no event","event","A"
"71","no event","no event","no event","no event","no event","no event","no event","no event","no event","no event","no event","no event","no event","no event","no event","no event","no event","no event","no event","no event","no event","no event","no event","event","no event","no event","no event","event","A"
"72","no event","event","no event","no event","no event","no event","no event","no event","no event","no event","no event","no event","no event","no event","no event","no event","no event","no event","no event","no event","no event","no event","no event","no event","no event","no event","no event","event","A"
"73","no event","no event","no event","no event","no event","no event","no event","no event","no event","no event","no event","no event","no event","no event","no event","no event","no event","no event","no event","no event","no event","no event","no event","no event","no event","no event","no event","no event","A"
"74","no event","no event","no event","no event","no event","no event","no event","no event","no event","no event","no event","no event","no event","no event","no event","no event","no event","no event","no event","no event","no event","no event","no event","no event","no event","no event","no event","no event","A"
"75","no event","no event","no event","no event","no event","no event","event","no event","no event","no event","no event","no event","no event","no event","no event","no event","no event","no event","no event","no event","no event","no event","no event","no event","no event","no event","no event","event","A"
"76","no event","no event","no event","no event","no event","no event","event","no event","no event","no event","no event","no event","no event","no event","no event","no event","no event","no event","no event","no event","no event","no event","no event","no event","no event","no event","no event","event","A"
"77","no event","no event","no event","no event","no event","no event","no event","no event","no event","no event","no event","no event","no event","no event","no event","no event","no event","no event","no event","no event","no event","no event","no event","no event","no event","no event","no event","no event","A"
"78","no event","no event","no event","no event","no event","no event","no event","no event","no event","no event","no event","no event","no event","no event","no event","no event","no event","no event","no event","no event","no event","no event","no event","no event","no event","no event","no event","no event","A"
"79","no event","no event","no event","no event","no event","no event","no event","no event","no event","no event","no event","no event","no event","no event","no event","no event","no event","no event","no event","no event","no event","no event","no event","no event","event","no event","no event","event","A"
"80","no event","event","no event","no event","no event","no event","no event","no event","no event","no event","no event","no event","no event","no event","no event","no event","no event","no event","no event","no event","no event","no event","no event","no event","no event","no event","no event","event","A"
"81","no event","no event","no event","no event","no event","no event","no event","no event","no event","no event","no event","no event","no event","no event","no event","no event","no event","no event","no event","no event","no event","no event","no event","no event","no event","no event","no event","no event","B"
"82","no event","no event","no event","no event","no event","no event","no event","no event","no event","no event","no event","no event","no event","no event","no event","no event","no event","no event","no event","no event","no event","no event","no event","no event","no event","no event","no event","no event","B"
"83","no event","no event","no event","no event","no event","no event","no event","no event","no event","no event","no event","no event","no event","no event","no event","no event","no event","no event","no event","no event","no event","no event","no event","no event","no event","no event","no event","no event","B"
"84","no event","no event","no event","no event","no event","no event","no event","no event","no event","no event","no event","no event","no event","no event","no event","no event","no event","no event","no event","no event","no event","no event","no event","no event","no event","no event","no event","no event","B"
"85","no event","no event","no event","no event","no event","no event","no event","no event","no event","no event","no event","no event","no event","no event","no event","no event","no event","no event","no event","no event","no event","no event","no event","no event","no event","no event","no event","no event","B"
"86","no event","no event","no event","no event","no event","no event","no event","no event","no event","no event","no event","no event","no event","no event","no event","no event","no event","no event","no event","no event","no event","no event","no event","no event","no event","no event","no event","no event","B"
"87","no event","no event","no event","no event","no event","no event","no event","no event","no event","no event","no event","no event","no event","no event","no event","no event","no event","no event","no event","no event","no event","no event","no event","no event","no event","no event","no event","no event","B"
"88","no event","no event","no event","no event","no event","no event","no event","no event","no event","no event","no event","no event","no event","no event","no event","no event","no event","no event","no event","no event","no event","no event","no event","no event","no event","no event","no event","no event","B"
"89","no event","no event","no event","no event","no event","no event","no event","no event","no event","no event","no event","no event","no event","no event","no event","no event","no event","no event","no event","no event","no event","no event","no event","no event","no event","no event","no event","no event","B"
"90","no event","no event","no event","no event","no event","no event","no event","no event","no event","no event","no event","no event","no event","no event","no event","no event","no event","no event","no event","no event","no event","no event","event","no event","no event","no event","no event","event","B"
"91","no event","no event","no event","no event","no event","no event","no event","no event","no event","no event","no event","no event","no event","no event","no event","no event","no event","no event","no event","no event","no event","no event","no event","no event","no event","no event","no event","no event","B"
"92","event","no event","no event","no event","no event","no event","no event","no event","no event","no event","no event","no event","no event","no event","no event","no event","no event","no event","no event","no event","no event","no event","no event","no event","no event","no event","no event","event","B"
"93","event","no event","no event","event","no event","no event","no event","no event","no event","no event","no event","no event","no event","no event","no event","no event","no event","no event","no event","no event","no event","no event","no event","no event","no event","no event","no event","event","B"
"94","no event","event","no event","no event","no event","no event","no event","no event","no event","no event","no event","no event","no event","no event","no event","no event","no event","no event","no event","no event","no event","no event","no event","no event","no event","no event","no event","event","B"
"95","event","no event","no event","no event","no event","no event","no event","no event","no event","no event","no event","no event","no event","no event","no event","no event","no event","no event","no event","no event","no event","no event","no event","no event","no event","no event","no event","event","B"
"96","event","no event","event","no event","no event","event","no event","no event","no event","no event","no event","no event","no event","no event","no event","no event","no event","no event","no event","no event","no event","no event","no event","no event","no event","no event","no event","event","B"
"97","event","no event","no event","no event","event","no event","no event","event","no event","no event","no event","no event","no event","no event","no event","no event","no event","no event","no event","no event","no event","no event","no event","no event","no event","no event","no event","event","B"
"98","event","no event","no event","no event","no event","no event","no event","no event","no event","no event","no event","no event","no event","no event","no event","no event","no event","no event","no event","no event","event","no event","no event","no event","no event","no event","no event","event","B"
"99","event","no event","no event","no event","no event","no event","no event","no event","no event","event","no event","no event","no event","no event","no event","no event","no event","no event","no event","no event","no event","no event","no event","no event","no event","no event","no event","event","B"
"100","no event","no event","event","no event","no event","no event","no event","event","no event","no event","no event","no event","no event","no event","no event","no event","no event","no event","no event","no event","no event","no event","no event","no event","no event","no event","no event","event","B"
"101","event","event","event","no event","no event","no event","no event","no event","no event","event","no event","no event","no event","no event","no event","no event","no event","no event","no event","no event","no event","no event","no event","no event","no event","no event","no event","event","B"
"102","no event","event","no event","no event","no event","no event","no event","no event","no event","no event","no event","no event","no event","no event","event","no event","no event","no event","no event","no event","no event","no event","no event","no event","no event","no event","no event","event","B"
"103","no event","no event","no event","no event","no event","no event","no event","no event","no event","no event","no event","no event","no event","no event","no event","no event","no event","no event","no event","no event","no event","no event","no event","no event","no event","no event","no event","no event","B"
"104","event","no event","no event","no event","no event","no event","no event","no event","no event","no event","no event","no event","no event","no event","no event","no event","no event","no event","no event","no event","no event","no event","no event","no event","no event","no event","no event","event","B"
"105","no event","event","no event","no event","no event","event","no event","no event","no event","no event","no event","no event","no event","no event","no event","no event","no event","no event","no event","no event","no event","no event","no event","no event","no event","no event","no event","event","B"
"106","event","no event","no event","no event","event","no event","no event","no event","event","no event","no event","no event","no event","no event","no event","no event","no event","no event","no event","no event","no event","no event","no event","no event","no event","no event","no event","event","B"
"107","event","no event","no event","no event","event","no event","no event","no event","no event","no event","no event","no event","no event","no event","no event","no event","no event","no event","no event","no event","no event","no event","no event","no event","no event","no event","no event","event","B"
"108","no event","no event","no event","no event","no event","no event","no event","no event","no event","no event","no event","no event","no event","no event","no event","no event","no event","no event","no event","no event","no event","no event","no event","no event","no event","no event","no event","no event","B"
"109","event","no event","no event","no event","no event","no event","no event","no event","no event","no event","no event","no event","no event","no event","event","no event","no event","no event","no event","no event","no event","no event","no event","no event","no event","no event","no event","event","B"
"110","no event","no event","no event","no event","no event","no event","event","no event","no event","no event","no event","no event","no event","no event","no event","no event","no event","no event","no event","no event","no event","no event","no event","no event","no event","no event","no event","event","B"
"111","no event","no event","no event","no event","no event","no event","no event","no event","no event","no event","no event","no event","no event","no event","no event","no event","no event","no event","no event","no event","no event","no event","no event","no event","no event","no event","no event","no event","B"
"112","no event","no event","no event","no event","no event","no event","no event","no event","no event","no event","no event","no event","no event","no event","no event","no event","no event","no event","no event","no event","no event","no event","no event","no event","no event","no event","no event","no event","B"
"113","no event","no event","no event","no event","no event","no event","no event","no event","no event","no event","no event","no event","no event","no event","no event","no event","no event","no event","no event","no event","no event","no event","no event","no event","no event","no event","no event","no event","B"
"114","no event","no event","no event","no event","no event","no event","no event","no event","no event","no event","no event","no event","no event","no event","no event","no event","no event","no event","no event","no event","no event","no event","no event","no event","no event","no event","no event","no event","B"
"115","no event","no event","no event","no event","no event","no event","no event","no event","no event","no event","no event","no event","no event","no event","no event","no event","no event","no event","no event","no event","no event","no event","no event","no event","no event","no event","no event","no event","B"
"116","no event","no event","no event","no event","no event","no event","no event","no event","no event","no event","no event","no event","no event","no event","no event","no event","no event","no event","no event","no event","no event","no event","no event","no event","no event","no event","no event","no event","B"
"117","no event","no event","no event","no event","no event","no event","event","no event","no event","no event","no event","no event","no event","no event","no event","no event","no event","no event","no event","no event","no event","no event","no event","no event","no event","no event","no event","event","B"
"118","no event","no event","no event","no event","no event","no event","no event","no event","no event","no event","no event","no event","no event","no event","no event","no event","no event","no event","no event","no event","no event","no event","no event","no event","no event","no event","no event","no event","B"
"119","no event","no event","no event","no event","no event","no event","no event","no event","no event","no event","no event","no event","no event","no event","no event","no event","no event","no event","no event","no event","no event","no event","no event","no event","no event","no event","no event","no event","B"
"120","no event","no event","no event","no event","no event","no event","no event","no event","no event","no event","no event","no event","no event","no event","no event","no event","no event","no event","no event","no event","no event","no event","no event","no event","no event","no event","no event","no event","B"
"121","no event","no event","no event","no event","no event","no event","no event","no event","no event","no event","no event","no event","no event","no event","no event","no event","no event","no event","no event","no event","no event","no event","no event","no event","no event","no event","no event","no event","B"
"122","no event","no event","no event","no event","no event","no event","no event","no event","no event","no event","no event","no event","no event","no event","no event","no event","no event","no event","no event","no event","no event","no event","no event","no event","no event","no event","no event","no event","B"
"123","no event","no event","no event","no event","no event","no event","no event","no event","no event","no event","no event","no event","no event","no event","no event","no event","no event","no event","no event","no event","no event","no event","no event","no event","no event","no event","no event","no event","B"
"124","no event","no event","no event","no event","no event","no event","no event","no event","no event","no event","no event","no event","no event","no event","no event","no event","no event","no event","no event","no event","no event","no event","no event","no event","no event","no event","no event","no event","B"
"125","no event","no event","no event","no event","no event","no event","no event","no event","no event","no event","no event","no event","no event","no event","no event","no event","no event","no event","no event","no event","no event","no event","no event","no event","no event","no event","no event","no event","B"
"126","no event","no event","no event","no event","no event","no event","no event","no event","no event","no event","no event","no event","no event","no event","no event","no event","no event","no event","no event","no event","no event","no event","no event","no event","no event","no event","no event","no event","B"
"127","no event","no event","no event","no event","no event","no event","no event","no event","no event","no event","no event","no event","no event","no event","no event","no event","no event","no event","no event","no event","no event","no event","no event","no event","no event","no event","no event","no event","B"
"128","no event","no event","no event","no event","no event","no event","no event","no event","no event","no event","no event","no event","no event","no event","no event","no event","no event","no event","no event","no event","no event","no event","no event","no event","no event","no event","no event","no event","B"
"129","no event","no event","no event","no event","no event","no event","no event","no event","no event","no event","no event","no event","no event","no event","no event","no event","no event","no event","no event","no event","no event","no event","no event","no event","no event","no event","no event","no event","B"
"130","no event","no event","no event","no event","no event","no event","no event","no event","no event","no event","no event","no event","no event","no event","no event","no event","no event","no event","no event","no event","no event","no event","no event","no event","no event","no event","no event","no event","B"
"131","event","no event","no event","no event","no event","no event","no event","event","no event","no event","no event","no event","no event","no event","no event","no event","no event","no event","no event","no event","no event","no event","no event","no event","no event","no event","no event","event","B"
"132","no event","no event","no event","no event","no event","no event","no event","no event","no event","no event","no event","no event","no event","no event","no event","no event","no event","no event","no event","no event","no event","no event","no event","no event","no event","no event","no event","no event","B"
"133","event","no event","no event","no event","no event","event","no event","no event","no event","no event","no event","no event","no event","no event","no event","no event","no event","no event","no event","no event","no event","no event","no event","no event","no event","no event","no event","event","B"
"134","event","no event","event","no event","no event","no event","no event","no event","no event","no event","no event","no event","no event","no event","no event","no event","no event","no event","no event","no event","no event","no event","no event","no event","no event","no event","no event","event","B"
"135","event","no event","no event","no event","no event","event","no event","no event","no event","no event","no event","no event","no event","no event","no event","no event","no event","no event","no event","no event","no event","no event","no event","no event","no event","no event","no event","event","B"
"136","no event","no event","no event","no event","no event","no event","no event","no event","no event","no event","no event","no event","no event","no event","no event","no event","no event","no event","no event","no event","no event","no event","no event","no event","no event","no event","no event","no event","B"
"137","no event","event","no event","no event","no event","no event","no event","event","no event","no event","no event","no event","no event","no event","no event","no event","no event","no event","no event","no event","no event","no event","no event","no event","no event","no event","no event","event","B"
"138","event","no event","no event","event","no event","no event","no event","no event","no event","no event","no event","no event","no event","no event","no event","no event","no event","no event","no event","no event","no event","no event","no event","no event","no event","no event","no event","event","B"
"139","event","event","no event","no event","no event","no event","no event","no event","no event","no event","no event","no event","no event","no event","no event","no event","no event","no event","no event","no event","no event","no event","no event","no event","no event","no event","no event","event","B"
"140","no event","no event","no event","no event","no event","no event","no event","no event","no event","no event","no event","no event","no event","no event","no event","no event","no event","no event","no event","no event","no event","no event","no event","no event","no event","no event","no event","no event","B"
"141","no event","no event","no event","no event","no event","no event","no event","no event","no event","no event","no event","no event","no event","no event","no event","no event","no event","no event","no event","no event","no event","no event","no event","no event","no event","no event","no event","no event","B"
"142","event","no event","no event","no event","no event","no event","no event","no event","no event","no event","no event","no event","no event","no event","no event","no event","no event","no event","no event","event","no event","no event","no event","no event","no event","no event","no event","event","B"
"143","event","no event","no event","event","no event","no event","no event","no event","no event","no event","no event","no event","no event","no event","no event","no event","no event","no event","no event","no event","no event","no event","no event","no event","no event","no event","no event","event","B"
"144","event","event","no event","no event","no event","no event","no event","no event","no event","no event","no event","no event","no event","no event","no event","no event","no event","no event","no event","no event","no event","no event","no event","no event","no event","no event","no event","event","B"
"145","no event","no event","no event","no event","no event","no event","no event","no event","no event","no event","no event","no event","no event","no event","no event","no event","no event","no event","no event","no event","no event","no event","no event","no event","no event","no event","no event","no event","B"
"146","event","no event","no event","no event","no event","no event","no event","no event","no event","no event","no event","no event","no event","no event","no event","no event","no event","no event","no event","no event","no event","no event","no event","no event","no event","no event","no event","event","B"
"147","event","no event","no event","no event","event","no event","no event","no event","no event","no event","no event","no event","no event","no event","no event","event","no event","no event","no event","no event","no event","no event","no event","no event","no event","no event","no event","event","B"
"148","no event","event","no event","no event","no event","no event","no event","event","no event","no event","no event","no event","no event","no event","no event","no event","no event","no event","no event","no event","no event","no event","no event","no event","no event","no event","no event","event","B"
"149","event","no event","no event","no event","no event","no event","no event","no event","no event","no event","no event","no event","no event","no event","no event","no event","no event","no event","no event","no event","no event","no event","no event","no event","no event","no event","no event","event","B"
"150","event","no event","no event","event","event","no event","no event","no event","no event","no event","no event","no event","no event","no event","no event","no event","no event","no event","no event","no event","no event","no event","no event","no event","no event","no event","no event","event","B"
"151","no event","no event","event","no event","no event","no event","no event","no event","no event","no event","no event","no event","no event","no event","no event","no event","no event","no event","no event","no event","no event","no event","no event","no event","no event","no event","no event","event","B"
"152","no event","no event","no event","no event","no event","no event","no event","no event","no event","no event","no event","no event","no event","no event","no event","no event","no event","no event","no event","no event","no event","no event","no event","no event","no event","no event","no event","no event","B"
"153","no event","no event","no event","no event","no event","no event","no event","no event","no event","no event","no event","no event","no event","no event","no event","no event","no event","no event","no event","no event","no event","no event","no event","no event","no event","no event","no event","no event","B"
"154","no event","no event","no event","no event","no event","no event","no event","no event","no event","no event","no event","no event","no event","no event","no event","no event","no event","no event","no event","no event","no event","no event","no event","no event","no event","no event","no event","no event","B"
"155","no event","no event","no event","no event","no event","no event","no event","no event","no event","no event","no event","no event","no event","no event","no event","no event","no event","no event","no event","no event","no event","no event","no event","no event","no event","no event","no event","no event","B"
"156","no event","no event","no event","no event","no event","no event","no event","no event","no event","no event","no event","no event","no event","no event","no event","no event","no event","no event","no event","no event","no event","no event","no event","no event","no event","no event","no event","no event","B"
"157","no event","no event","no event","no event","no event","no event","no event","no event","no event","no event","no event","no event","no event","no event","no event","no event","no event","no event","no event","no event","no event","no event","no event","no event","no event","no event","no event","no event","B"
"158","no event","no event","event","no event","no event","no event","no event","no event","no event","no event","no event","no event","no event","no event","no event","no event","no event","no event","no event","no event","no event","no event","no event","no event","no event","no event","no event","event","B"
"159","no event","no event","no event","no event","no event","no event","no event","no event","no event","no event","no event","no event","no event","no event","no event","no event","no event","no event","no event","no event","no event","no event","no event","no event","no event","no event","no event","no event","B"
"160","no event","no event","no event","no event","no event","no event","no event","no event","no event","no event","no event","no event","no event","no event","no event","no event","no event","no event","no event","no event","no event","no event","no event","no event","no event","no event","no event","no event","B"
