"","damage","species","lattice","plot"
"1","yes","oak","1","1_1"
"2","no","pine","1","1_1"
"3","no","oak","1","1_1"
"4","no","pine","1","1_1"
"5","no","pine","1","1_1"
"6","no","pine","1","1_1"
"7","yes","oak","1","1_1"
"8","no","hardwood (other)","1","1_1"
"9","no","oak","1","1_1"
"10","no","hardwood (other)","1","1_1"
"11","no","oak","1","1_1"
"12","no","pine","1","1_1"
"13","no","pine","1","1_1"
"14","yes","oak","1","1_1"
"15","no","oak","1","1_1"
"16","no","pine","1","1_2"
"17","yes","hardwood (other)","1","1_2"
"18","no","oak","1","1_2"
"19","no","pine","1","1_2"
"20","no","oak","1","1_2"
"21","yes","oak","1","1_2"
"22","no","pine","1","1_2"
"23","no","oak","1","1_2"
"24","yes","oak","1","1_2"
"25","yes","oak","1","1_2"
"26","no","oak","1","1_2"
"27","yes","oak","1","1_2"
"28","yes","oak","1","1_2"
"29","no","oak","1","1_2"
"30","yes","oak","1","1_2"
"31","yes","oak","1","1_3"
"32","yes","oak","1","1_3"
"33","yes","oak","1","1_3"
"34","yes","oak","1","1_3"
"35","no","oak","1","1_3"
"36","yes","oak","1","1_3"
"37","no","oak","1","1_3"
"38","no","oak","1","1_3"
"39","yes","oak","1","1_3"
"40","no","oak","1","1_3"
"41","yes","oak","1","1_3"
"42","yes","oak","1","1_3"
"43","no","oak","1","1_3"
"44","no","oak","1","1_3"
"45","no","oak","1","1_3"
"46","no","oak","1","1_4"
"47","yes","oak","1","1_4"
"48","no","oak","1","1_4"
"49","yes","oak","1","1_4"
"50","yes","oak","1","1_4"
"51","no","oak","1","1_4"
"52","no","oak","1","1_4"
"53","no","oak","1","1_4"
"54","no","oak","1","1_4"
"55","yes","oak","1","1_4"
"56","yes","oak","1","1_4"
"57","yes","oak","1","1_4"
"58","no","oak","1","1_4"
"59","no","oak","1","1_4"
"60","no","oak","1","1_4"
"61","no","oak","1","1_5"
"62","yes","oak","1","1_5"
"63","yes","oak","1","1_5"
"64","no","oak","1","1_5"
"65","no","oak","1","1_5"
"66","no","pine","1","1_5"
"67","yes","oak","1","1_5"
"68","no","oak","1","1_5"
"69","yes","oak","1","1_5"
"70","yes","oak","1","1_5"
"71","no","oak","1","1_5"
"72","no","oak","1","1_5"
"73","no","beech","1","1_5"
"74","no","oak","1","1_5"
"75","yes","oak","1","1_5"
"76","no","spruce","2","2_1"
"77","no","spruce","2","2_1"
"78","no","spruce","2","2_1"
"79","no","spruce","2","2_1"
"80","no","spruce","2","2_1"
"81","no","spruce","2","2_1"
"82","no","spruce","2","2_1"
"83","no","spruce","2","2_1"
"84","no","spruce","2","2_1"
"85","no","spruce","2","2_1"
"86","no","spruce","2","2_1"
"87","no","spruce","2","2_1"
"88","no","spruce","2","2_1"
"89","no","spruce","2","2_1"
"90","no","spruce","2","2_1"
"91","no","spruce","2","2_2"
"92","yes","hardwood (other)","2","2_2"
"93","no","spruce","2","2_2"
"94","no","spruce","2","2_2"
"95","no","spruce","2","2_2"
"96","no","spruce","2","2_2"
"97","no","spruce","2","2_2"
"98","no","spruce","2","2_2"
"99","no","spruce","2","2_2"
"100","no","spruce","2","2_2"
"101","no","spruce","2","2_2"
"102","no","spruce","2","2_2"
"103","no","spruce","2","2_2"
"104","no","hardwood (other)","2","2_2"
"105","no","hardwood (other)","2","2_2"
"106","yes","hardwood (other)","2","2_3"
"107","no","hardwood (other)","2","2_3"
"108","no","spruce","2","2_3"
"109","no","beech","2","2_3"
"110","no","spruce","2","2_3"
"111","no","spruce","2","2_3"
"112","no","spruce","2","2_3"
"113","no","spruce","2","2_3"
"114","no","spruce","2","2_3"
"115","no","spruce","2","2_3"
"116","yes","hardwood (other)","2","2_3"
"117","no","spruce","2","2_3"
"118","no","spruce","2","2_3"
"119","no","spruce","2","2_3"
"120","no","spruce","2","2_3"
"121","no","spruce","2","2_4"
"122","no","spruce","2","2_4"
"123","no","spruce","2","2_4"
"124","no","spruce","2","2_4"
"125","no","spruce","2","2_4"
"126","no","spruce","2","2_4"
"127","no","beech","2","2_4"
"128","yes","oak","2","2_4"
"129","no","spruce","2","2_4"
"130","no","spruce","2","2_4"
"131","no","spruce","2","2_4"
"132","no","spruce","2","2_4"
"133","no","spruce","2","2_4"
"134","yes","beech","2","2_4"
"135","no","hardwood (other)","2","2_4"
"136","no","oak","2","2_5"
"137","no","hardwood (other)","2","2_5"
"138","no","spruce","2","2_5"
"139","no","spruce","2","2_5"
"140","no","spruce","2","2_5"
"141","no","spruce","2","2_5"
"142","no","spruce","2","2_5"
"143","no","beech","2","2_5"
"144","no","spruce","2","2_5"
"145","no","spruce","2","2_5"
"146","no","spruce","2","2_5"
"147","no","beech","2","2_5"
"148","no","spruce","2","2_5"
"149","no","spruce","2","2_5"
"150","no","spruce","2","2_5"
"151","no","spruce","3","3_1"
"152","no","spruce","3","3_1"
"153","no","spruce","3","3_1"
"154","no","beech","3","3_1"
"155","no","pine","3","3_1"
"156","no","spruce","3","3_1"
"157","yes","beech","3","3_1"
"158","no","pine","3","3_1"
"159","no","spruce","3","3_1"
"160","no","spruce","3","3_1"
"161","no","beech","3","3_1"
"162","no","beech","3","3_1"
"163","yes","spruce","3","3_1"
"164","no","pine","3","3_1"
"165","no","spruce","3","3_1"
"166","yes","beech","3","3_2"
"167","no","beech","3","3_2"
"168","no","spruce","3","3_2"
"169","no","oak","3","3_2"
"170","no","beech","3","3_2"
"171","yes","beech","3","3_2"
"172","no","spruce","3","3_2"
"173","no","spruce","3","3_2"
"174","yes","beech","3","3_2"
"175","yes","beech","3","3_2"
"176","yes","spruce","3","3_2"
"177","no","pine","3","3_2"
"178","no","beech","3","3_2"
"179","yes","beech","3","3_2"
"180","yes","oak","3","3_2"
"181","no","fir","3","3_3"
"182","no","beech","3","3_3"
"183","no","beech","3","3_3"
"184","no","beech","3","3_3"
"185","no","spruce","3","3_3"
"186","no","beech","3","3_3"
"187","no","spruce","3","3_3"
"188","no","spruce","3","3_3"
"189","no","hardwood (other)","3","3_3"
"190","no","beech","3","3_3"
"191","no","spruce","3","3_3"
"192","no","spruce","3","3_3"
"193","no","spruce","3","3_3"
"194","no","spruce","3","3_3"
"195","no","spruce","3","3_3"
"196","yes","beech","3","3_4"
"197","yes","beech","3","3_4"
"198","no","beech","3","3_4"
"199","no","beech","3","3_4"
"200","yes","beech","3","3_4"
"201","no","beech","3","3_4"
"202","no","beech","3","3_4"
"203","no","beech","3","3_4"
"204","no","spruce","3","3_4"
"205","no","beech","3","3_4"
"206","no","beech","3","3_4"
"207","yes","beech","3","3_4"
"208","yes","beech","3","3_4"
"209","no","beech","3","3_4"
"210","yes","beech","3","3_4"
"211","no","spruce","3","3_5"
"212","no","beech","3","3_5"
"213","no","beech","3","3_5"
"214","no","beech","3","3_5"
"215","no","beech","3","3_5"
"216","no","beech","3","3_5"
"217","yes","beech","3","3_5"
"218","yes","beech","3","3_5"
"219","no","beech","3","3_5"
"220","yes","beech","3","3_5"
"221","yes","beech","3","3_5"
"222","no","beech","3","3_5"
"223","yes","beech","3","3_5"
"224","yes","beech","3","3_5"
"225","yes","beech","3","3_5"
"226","no","pine","7","7_1"
"227","no","pine","7","7_1"
"228","yes","hardwood (other)","7","7_1"
"229","no","hardwood (other)","7","7_1"
"230","no","spruce","7","7_1"
"231","no","oak","7","7_1"
"232","no","oak","7","7_1"
"233","no","spruce","7","7_1"
"234","no","spruce","7","7_1"
"235","yes","hardwood (other)","7","7_1"
"236","no","hardwood (other)","7","7_1"
"237","yes","oak","7","7_1"
"238","yes","hardwood (other)","7","7_1"
"239","no","spruce","7","7_1"
"240","no","spruce","7","7_1"
"241","yes","hardwood (other)","7","7_2"
"242","no","oak","7","7_2"
"243","no","softwood (other)","7","7_2"
"244","no","softwood (other)","7","7_2"
"245","no","softwood (other)","7","7_2"
"246","no","spruce","7","7_2"
"247","yes","oak","7","7_2"
"248","no","hardwood (other)","7","7_2"
"249","no","oak","7","7_2"
"250","yes","oak","7","7_2"
"251","no","hardwood (other)","7","7_2"
"252","no","hardwood (other)","7","7_2"
"253","no","hardwood (other)","7","7_2"
"254","yes","oak","7","7_2"
"255","yes","oak","7","7_2"
"256","no","pine","7","7_3"
"257","no","pine","7","7_3"
"258","no","fir","7","7_3"
"259","no","fir","7","7_3"
"260","no","fir","7","7_3"
"261","no","fir","7","7_3"
"262","no","fir","7","7_3"
"263","no","spruce","7","7_3"
"264","no","spruce","7","7_3"
"265","no","spruce","7","7_3"
"266","no","spruce","7","7_3"
"267","no","spruce","7","7_3"
"268","yes","oak","7","7_3"
"269","no","pine","7","7_3"
"270","no","pine","7","7_3"
"271","no","hardwood (other)","7","7_4"
"272","no","hardwood (other)","7","7_4"
"273","no","hardwood (other)","7","7_4"
"274","no","hardwood (other)","7","7_4"
"275","no","oak","7","7_4"
"276","no","hardwood (other)","7","7_4"
"277","no","hardwood (other)","7","7_4"
"278","no","hardwood (other)","7","7_4"
"279","no","hardwood (other)","7","7_4"
"280","no","hardwood (other)","7","7_4"
"281","no","spruce","7","7_4"
"282","no","hardwood (other)","7","7_4"
"283","no","hardwood (other)","7","7_4"
"284","no","hardwood (other)","7","7_4"
"285","no","oak","7","7_4"
"286","no","beech","7","7_5"
"287","no","pine","7","7_5"
"288","no","pine","7","7_5"
"289","no","pine","7","7_5"
"290","no","pine","7","7_5"
"291","no","pine","7","7_5"
"292","no","pine","7","7_5"
"293","no","pine","7","7_5"
"294","no","oak","7","7_5"
"295","no","pine","7","7_5"
"296","no","oak","7","7_5"
"297","no","pine","7","7_5"
"298","no","hardwood (other)","7","7_5"
"299","no","hardwood (other)","7","7_5"
"300","no","hardwood (other)","7","7_5"
"301","no","pine","9","9_1"
"302","no","pine","9","9_1"
"303","no","pine","9","9_1"
"304","no","pine","9","9_1"
"305","no","pine","9","9_1"
"306","no","pine","9","9_1"
"307","no","pine","9","9_1"
"308","no","pine","9","9_1"
"309","no","pine","9","9_1"
"310","no","pine","9","9_1"
"311","no","pine","9","9_1"
"312","no","pine","9","9_1"
"313","no","pine","9","9_1"
"314","no","pine","9","9_1"
"315","no","pine","9","9_1"
"316","no","spruce","9","9_2"
"317","no","pine","9","9_2"
"318","no","pine","9","9_2"
"319","no","pine","9","9_2"
"320","no","pine","9","9_2"
"321","no","pine","9","9_2"
"322","no","pine","9","9_2"
"323","no","pine","9","9_2"
"324","no","pine","9","9_2"
"325","no","pine","9","9_2"
"326","no","pine","9","9_2"
"327","no","pine","9","9_2"
"328","no","pine","9","9_2"
"329","no","pine","9","9_2"
"330","no","pine","9","9_2"
"331","no","pine","9","9_3"
"332","no","pine","9","9_3"
"333","no","pine","9","9_3"
"334","no","pine","9","9_3"
"335","no","pine","9","9_3"
"336","no","pine","9","9_3"
"337","no","pine","9","9_3"
"338","no","pine","9","9_3"
"339","no","pine","9","9_3"
"340","no","pine","9","9_3"
"341","no","pine","9","9_3"
"342","no","pine","9","9_3"
"343","no","pine","9","9_3"
"344","no","pine","9","9_3"
"345","no","pine","9","9_3"
"346","no","pine","9","9_4"
"347","no","pine","9","9_4"
"348","no","pine","9","9_4"
"349","no","pine","9","9_4"
"350","no","pine","9","9_4"
"351","no","pine","9","9_4"
"352","no","pine","9","9_4"
"353","no","pine","9","9_4"
"354","no","pine","9","9_4"
"355","no","pine","9","9_4"
"356","no","pine","9","9_4"
"357","no","pine","9","9_4"
"358","no","pine","9","9_4"
"359","yes","oak","9","9_4"
"360","no","oak","9","9_4"
"361","no","pine","9","9_5"
"362","no","pine","9","9_5"
"363","no","pine","9","9_5"
"364","no","pine","9","9_5"
"365","no","pine","9","9_5"
"366","no","pine","9","9_5"
"367","no","pine","9","9_5"
"368","no","pine","9","9_5"
"369","yes","beech","9","9_5"
"370","no","pine","9","9_5"
"371","no","pine","9","9_5"
"372","no","spruce","9","9_5"
"373","no","pine","9","9_5"
"374","no","pine","9","9_5"
"375","no","oak","9","9_5"
"376","no","pine","10","10_1"
"377","no","pine","10","10_1"
"378","no","pine","10","10_1"
"379","no","pine","10","10_1"
"380","no","pine","10","10_1"
"381","yes","pine","10","10_1"
"382","no","pine","10","10_1"
"383","no","oak","10","10_1"
"384","no","pine","10","10_1"
"385","no","pine","10","10_1"
"386","no","pine","10","10_1"
"387","no","pine","10","10_1"
"388","no","oak","10","10_1"
"389","yes","oak","10","10_1"
"390","no","oak","10","10_1"
"391","no","pine","10","10_2"
"392","no","spruce","10","10_2"
"393","no","pine","10","10_2"
"394","no","pine","10","10_2"
"395","no","beech","10","10_2"
"396","no","pine","10","10_2"
"397","no","beech","10","10_2"
"398","no","pine","10","10_2"
"399","no","beech","10","10_2"
"400","no","pine","10","10_2"
"401","yes","pine","10","10_2"
"402","no","beech","10","10_2"
"403","no","pine","10","10_2"
"404","no","oak","10","10_2"
"405","no","beech","10","10_2"
"406","no","beech","10","10_3"
"407","yes","beech","10","10_3"
"408","no","beech","10","10_3"
"409","no","beech","10","10_3"
"410","no","beech","10","10_3"
"411","no","spruce","10","10_3"
"412","no","beech","10","10_3"
"413","no","oak","10","10_3"
"414","no","beech","10","10_3"
"415","no","beech","10","10_3"
"416","no","beech","10","10_3"
"417","no","beech","10","10_3"
"418","yes","oak","10","10_3"
"419","yes","beech","10","10_3"
"420","no","beech","10","10_3"
"421","no","beech","10","10_4"
"422","yes","beech","10","10_4"
"423","yes","beech","10","10_4"
"424","no","beech","10","10_4"
"425","no","beech","10","10_4"
"426","no","beech","10","10_4"
"427","no","oak","10","10_4"
"428","yes","beech","10","10_4"
"429","no","beech","10","10_4"
"430","yes","beech","10","10_4"
"431","yes","beech","10","10_4"
"432","no","beech","10","10_4"
"433","no","beech","10","10_4"
"434","no","spruce","10","10_4"
"435","no","beech","10","10_4"
"436","no","spruce","10","10_5"
"437","no","beech","10","10_5"
"438","no","oak","10","10_5"
"439","no","beech","10","10_5"
"440","no","beech","10","10_5"
"441","no","beech","10","10_5"
"442","no","beech","10","10_5"
"443","no","beech","10","10_5"
"444","no","spruce","10","10_5"
"445","yes","oak","10","10_5"
"446","no","beech","10","10_5"
"447","no","beech","10","10_5"
"448","no","beech","10","10_5"
"449","no","beech","10","10_5"
"450","no","beech","10","10_5"
"451","yes","oak","11","11_1"
"452","yes","oak","11","11_1"
"453","yes","oak","11","11_1"
"454","no","oak","11","11_1"
"455","no","oak","11","11_1"
"456","yes","oak","11","11_1"
"457","no","oak","11","11_1"
"458","yes","oak","11","11_1"
"459","yes","pine","11","11_1"
"460","no","pine","11","11_1"
"461","yes","oak","11","11_1"
"462","yes","oak","11","11_1"
"463","no","oak","11","11_1"
"464","no","oak","11","11_1"
"465","no","oak","11","11_1"
"466","no","beech","11","11_2"
"467","no","oak","11","11_2"
"468","no","oak","11","11_2"
"469","no","oak","11","11_2"
"470","no","oak","11","11_2"
"471","yes","oak","11","11_2"
"472","yes","pine","11","11_2"
"473","yes","oak","11","11_2"
"474","yes","oak","11","11_2"
"475","no","oak","11","11_2"
"476","no","oak","11","11_2"
"477","no","oak","11","11_2"
"478","no","pine","11","11_2"
"479","yes","oak","11","11_2"
"480","yes","oak","11","11_2"
"481","no","pine","11","11_3"
"482","yes","hardwood (other)","11","11_3"
"483","no","oak","11","11_3"
"484","no","oak","11","11_3"
"485","yes","oak","11","11_3"
"486","yes","oak","11","11_3"
"487","yes","oak","11","11_3"
"488","no","hardwood (other)","11","11_3"
"489","yes","oak","11","11_3"
"490","no","oak","11","11_3"
"491","no","oak","11","11_3"
"492","no","pine","11","11_3"
"493","yes","oak","11","11_3"
"494","no","oak","11","11_3"
"495","no","pine","11","11_3"
"496","yes","oak","11","11_4"
"497","yes","oak","11","11_4"
"498","yes","oak","11","11_4"
"499","no","oak","11","11_4"
"500","no","pine","11","11_4"
"501","no","oak","11","11_4"
"502","no","oak","11","11_4"
"503","no","beech","11","11_4"
"504","no","oak","11","11_4"
"505","yes","oak","11","11_4"
"506","no","hardwood (other)","11","11_4"
"507","no","oak","11","11_4"
"508","yes","oak","11","11_4"
"509","no","hardwood (other)","11","11_4"
"510","yes","hardwood (other)","11","11_4"
"511","yes","hardwood (other)","11","11_5"
"512","yes","oak","11","11_5"
"513","yes","oak","11","11_5"
"514","no","pine","11","11_5"
"515","yes","oak","11","11_5"
"516","yes","oak","11","11_5"
"517","yes","oak","11","11_5"
"518","yes","oak","11","11_5"
"519","no","pine","11","11_5"
"520","no","pine","11","11_5"
"521","no","pine","11","11_5"
"522","no","spruce","11","11_5"
"523","yes","oak","11","11_5"
"524","no","pine","11","11_5"
"525","no","pine","11","11_5"
"526","no","pine","13","13_1"
"527","yes","oak","13","13_1"
"528","no","pine","13","13_1"
"529","yes","pine","13","13_1"
"530","no","pine","13","13_1"
"531","no","pine","13","13_1"
"532","no","oak","13","13_1"
"533","yes","oak","13","13_1"
"534","no","oak","13","13_1"
"535","no","pine","13","13_1"
"536","no","pine","13","13_1"
"537","yes","oak","13","13_1"
"538","yes","oak","13","13_1"
"539","no","oak","13","13_1"
"540","no","pine","13","13_1"
"541","no","oak","13","13_2"
"542","no","oak","13","13_2"
"543","yes","oak","13","13_2"
"544","no","pine","13","13_2"
"545","no","oak","13","13_2"
"546","no","oak","13","13_2"
"547","yes","oak","13","13_2"
"548","no","pine","13","13_2"
"549","no","pine","13","13_2"
"550","yes","oak","13","13_2"
"551","no","pine","13","13_2"
"552","no","pine","13","13_2"
"553","no","pine","13","13_2"
"554","no","pine","13","13_2"
"555","yes","pine","13","13_2"
"556","yes","oak","13","13_3"
"557","yes","oak","13","13_3"
"558","no","beech","13","13_3"
"559","no","pine","13","13_3"
"560","no","pine","13","13_3"
"561","no","pine","13","13_3"
"562","no","oak","13","13_3"
"563","no","oak","13","13_3"
"564","yes","oak","13","13_3"
"565","no","beech","13","13_3"
"566","yes","oak","13","13_3"
"567","yes","oak","13","13_3"
"568","no","pine","13","13_3"
"569","no","pine","13","13_3"
"570","no","oak","13","13_3"
"571","no","oak","13","13_4"
"572","no","pine","13","13_4"
"573","no","oak","13","13_4"
"574","no","oak","13","13_4"
"575","yes","oak","13","13_4"
"576","no","pine","13","13_4"
"577","yes","oak","13","13_4"
"578","no","pine","13","13_4"
"579","no","oak","13","13_4"
"580","yes","beech","13","13_4"
"581","no","oak","13","13_4"
"582","no","pine","13","13_4"
"583","no","pine","13","13_4"
"584","yes","oak","13","13_4"
"585","no","pine","13","13_4"
"586","no","oak","13","13_5"
"587","no","oak","13","13_5"
"588","yes","oak","13","13_5"
"589","no","oak","13","13_5"
"590","no","pine","13","13_5"
"591","no","pine","13","13_5"
"592","no","pine","13","13_5"
"593","no","oak","13","13_5"
"594","no","pine","13","13_5"
"595","no","pine","13","13_5"
"596","no","pine","13","13_5"
"597","no","pine","13","13_5"
"598","yes","oak","13","13_5"
"599","yes","oak","13","13_5"
"600","yes","oak","13","13_5"
"601","no","pine","14","14_1"
"602","no","oak","14","14_1"
"603","no","oak","14","14_1"
"604","yes","oak","14","14_1"
"605","yes","pine","14","14_1"
"606","no","hardwood (other)","14","14_1"
"607","no","hardwood (other)","14","14_1"
"608","no","pine","14","14_1"
"609","no","oak","14","14_1"
"610","no","oak","14","14_1"
"611","no","spruce","14","14_1"
"612","no","oak","14","14_1"
"613","no","hardwood (other)","14","14_1"
"614","no","pine","14","14_1"
"615","no","spruce","14","14_1"
"616","yes","oak","14","14_2"
"617","no","pine","14","14_2"
"618","no","pine","14","14_2"
"619","no","pine","14","14_2"
"620","no","pine","14","14_2"
"621","no","pine","14","14_2"
"622","no","pine","14","14_2"
"623","no","pine","14","14_2"
"624","yes","oak","14","14_2"
"625","no","pine","14","14_2"
"626","no","pine","14","14_2"
"627","no","pine","14","14_2"
"628","no","pine","14","14_2"
"629","yes","oak","14","14_2"
"630","yes","oak","14","14_2"
"631","yes","oak","14","14_3"
"632","yes","hardwood (other)","14","14_3"
"633","no","pine","14","14_3"
"634","no","pine","14","14_3"
"635","no","oak","14","14_3"
"636","no","oak","14","14_3"
"637","no","oak","14","14_3"
"638","no","oak","14","14_3"
"639","no","oak","14","14_3"
"640","no","pine","14","14_3"
"641","yes","hardwood (other)","14","14_3"
"642","no","oak","14","14_3"
"643","no","oak","14","14_3"
"644","no","pine","14","14_3"
"645","no","oak","14","14_3"
"646","no","oak","14","14_4"
"647","no","oak","14","14_4"
"648","no","oak","14","14_4"
"649","no","oak","14","14_4"
"650","yes","oak","14","14_4"
"651","yes","oak","14","14_4"
"652","yes","oak","14","14_4"
"653","yes","oak","14","14_4"
"654","no","pine","14","14_4"
"655","no","oak","14","14_4"
"656","no","oak","14","14_4"
"657","no","spruce","14","14_4"
"658","no","hardwood (other)","14","14_4"
"659","no","oak","14","14_4"
"660","no","hardwood (other)","14","14_4"
"661","yes","oak","14","14_5"
"662","yes","oak","14","14_5"
"663","no","oak","14","14_5"
"664","no","pine","14","14_5"
"665","no","oak","14","14_5"
"666","yes","oak","14","14_5"
"667","no","pine","14","14_5"
"668","no","oak","14","14_5"
"669","yes","oak","14","14_5"
"670","no","pine","14","14_5"
"671","no","pine","14","14_5"
"672","no","pine","14","14_5"
"673","no","oak","14","14_5"
"674","no","pine","14","14_5"
"675","no","oak","14","14_5"
"676","no","pine","15","15_1"
"677","no","pine","15","15_1"
"678","no","pine","15","15_1"
"679","no","beech","15","15_1"
"680","no","pine","15","15_1"
"681","no","pine","15","15_1"
"682","no","pine","15","15_1"
"683","no","pine","15","15_1"
"684","no","pine","15","15_1"
"685","no","pine","15","15_1"
"686","no","pine","15","15_1"
"687","no","pine","15","15_1"
"688","no","pine","15","15_1"
"689","no","pine","15","15_1"
"690","no","beech","15","15_1"
"691","no","pine","15","15_2"
"692","no","pine","15","15_2"
"693","no","beech","15","15_2"
"694","no","pine","15","15_2"
"695","no","pine","15","15_2"
"696","no","pine","15","15_2"
"697","no","pine","15","15_2"
"698","no","pine","15","15_2"
"699","yes","beech","15","15_2"
"700","no","pine","15","15_2"
"701","no","pine","15","15_2"
"702","no","beech","15","15_2"
"703","no","pine","15","15_2"
"704","no","pine","15","15_2"
"705","no","pine","15","15_2"
"706","no","pine","15","15_3"
"707","no","pine","15","15_3"
"708","no","beech","15","15_3"
"709","no","spruce","15","15_3"
"710","no","beech","15","15_3"
"711","no","pine","15","15_3"
"712","no","pine","15","15_3"
"713","no","spruce","15","15_3"
"714","no","pine","15","15_3"
"715","no","oak","15","15_3"
"716","no","pine","15","15_3"
"717","no","pine","15","15_3"
"718","no","pine","15","15_3"
"719","no","oak","15","15_3"
"720","no","spruce","15","15_3"
"721","no","spruce","15","15_4"
"722","no","spruce","15","15_4"
"723","no","oak","15","15_4"
"724","no","beech","15","15_4"
"725","no","oak","15","15_4"
"726","no","pine","15","15_4"
"727","no","pine","15","15_4"
"728","no","oak","15","15_4"
"729","yes","oak","15","15_4"
"730","no","oak","15","15_4"
"731","no","pine","15","15_4"
"732","no","beech","15","15_4"
"733","no","pine","15","15_4"
"734","no","beech","15","15_4"
"735","no","oak","15","15_4"
"736","no","beech","15","15_5"
"737","no","oak","15","15_5"
"738","no","oak","15","15_5"
"739","no","pine","15","15_5"
"740","no","spruce","15","15_5"
"741","no","pine","15","15_5"
"742","yes","oak","15","15_5"
"743","no","beech","15","15_5"
"744","no","oak","15","15_5"
"745","no","beech","15","15_5"
"746","yes","oak","15","15_5"
"747","no","spruce","15","15_5"
"748","no","beech","15","15_5"
"749","no","beech","15","15_5"
"750","no","oak","15","15_5"
"751","no","oak","17","17_1"
"752","no","hardwood (other)","17","17_1"
"753","no","oak","17","17_1"
"754","yes","oak","17","17_1"
"755","yes","oak","17","17_1"
"756","yes","oak","17","17_1"
"757","no","oak","17","17_1"
"758","no","hardwood (other)","17","17_1"
"759","no","oak","17","17_1"
"760","no","oak","17","17_1"
"761","no","oak","17","17_1"
"762","yes","oak","17","17_1"
"763","no","oak","17","17_1"
"764","no","oak","17","17_1"
"765","no","oak","17","17_1"
"766","no","oak","17","17_2"
"767","yes","oak","17","17_2"
"768","no","pine","17","17_2"
"769","yes","oak","17","17_2"
"770","no","oak","17","17_2"
"771","yes","oak","17","17_2"
"772","yes","oak","17","17_2"
"773","no","oak","17","17_2"
"774","no","oak","17","17_2"
"775","no","pine","17","17_2"
"776","yes","oak","17","17_2"
"777","no","oak","17","17_2"
"778","no","oak","17","17_2"
"779","no","oak","17","17_2"
"780","no","oak","17","17_2"
"781","no","oak","17","17_3"
"782","no","oak","17","17_3"
"783","no","oak","17","17_3"
"784","yes","oak","17","17_3"
"785","no","oak","17","17_3"
"786","yes","oak","17","17_3"
"787","no","oak","17","17_3"
"788","no","oak","17","17_3"
"789","no","hardwood (other)","17","17_3"
"790","no","oak","17","17_3"
"791","no","oak","17","17_3"
"792","no","oak","17","17_3"
"793","no","oak","17","17_3"
"794","no","oak","17","17_3"
"795","no","oak","17","17_3"
"796","no","pine","17","17_4"
"797","no","oak","17","17_4"
"798","no","oak","17","17_4"
"799","no","pine","17","17_4"
"800","no","pine","17","17_4"
"801","no","oak","17","17_4"
"802","yes","oak","17","17_4"
"803","no","oak","17","17_4"
"804","yes","oak","17","17_4"
"805","no","oak","17","17_4"
"806","no","oak","17","17_4"
"807","no","oak","17","17_4"
"808","no","oak","17","17_4"
"809","yes","oak","17","17_4"
"810","yes","oak","17","17_4"
"811","no","oak","17","17_5"
"812","no","oak","17","17_5"
"813","no","oak","17","17_5"
"814","yes","oak","17","17_5"
"815","no","oak","17","17_5"
"816","no","oak","17","17_5"
"817","no","oak","17","17_5"
"818","no","oak","17","17_5"
"819","no","oak","17","17_5"
"820","no","oak","17","17_5"
"821","yes","oak","17","17_5"
"822","no","oak","17","17_5"
"823","no","oak","17","17_5"
"824","yes","oak","17","17_5"
"825","no","hardwood (other)","17","17_5"
"826","no","oak","19","19_1"
"827","no","oak","19","19_1"
"828","no","oak","19","19_1"
"829","no","oak","19","19_1"
"830","no","oak","19","19_1"
"831","no","oak","19","19_1"
"832","yes","oak","19","19_1"
"833","yes","oak","19","19_1"
"834","no","oak","19","19_1"
"835","no","oak","19","19_1"
"836","no","oak","19","19_1"
"837","no","oak","19","19_1"
"838","yes","oak","19","19_1"
"839","yes","oak","19","19_1"
"840","no","oak","19","19_1"
"841","yes","oak","19","19_2"
"842","yes","oak","19","19_2"
"843","no","oak","19","19_2"
"844","no","oak","19","19_2"
"845","yes","hardwood (other)","19","19_2"
"846","no","oak","19","19_2"
"847","yes","oak","19","19_2"
"848","no","oak","19","19_2"
"849","no","oak","19","19_2"
"850","no","oak","19","19_2"
"851","no","oak","19","19_2"
"852","no","oak","19","19_2"
"853","no","oak","19","19_2"
"854","no","oak","19","19_2"
"855","no","oak","19","19_2"
"856","yes","oak","19","19_3"
"857","no","oak","19","19_3"
"858","no","oak","19","19_3"
"859","no","oak","19","19_3"
"860","no","oak","19","19_3"
"861","no","oak","19","19_3"
"862","yes","oak","19","19_3"
"863","yes","oak","19","19_3"
"864","no","oak","19","19_3"
"865","no","oak","19","19_3"
"866","yes","oak","19","19_3"
"867","no","oak","19","19_3"
"868","no","oak","19","19_3"
"869","no","oak","19","19_3"
"870","yes","oak","19","19_3"
"871","no","oak","19","19_4"
"872","no","oak","19","19_4"
"873","no","oak","19","19_4"
"874","no","oak","19","19_4"
"875","no","oak","19","19_4"
"876","no","oak","19","19_4"
"877","no","oak","19","19_4"
"878","no","oak","19","19_4"
"879","no","oak","19","19_4"
"880","yes","oak","19","19_4"
"881","no","oak","19","19_4"
"882","yes","oak","19","19_4"
"883","yes","oak","19","19_4"
"884","no","oak","19","19_4"
"885","no","oak","19","19_4"
"886","yes","oak","19","19_5"
"887","yes","oak","19","19_5"
"888","yes","oak","19","19_5"
"889","no","oak","19","19_5"
"890","yes","oak","19","19_5"
"891","yes","oak","19","19_5"
"892","no","hardwood (other)","19","19_5"
"893","no","hardwood (other)","19","19_5"
"894","yes","oak","19","19_5"
"895","yes","hardwood (other)","19","19_5"
"896","no","oak","19","19_5"
"897","no","oak","19","19_5"
"898","no","oak","19","19_5"
"899","no","oak","19","19_5"
"900","no","oak","19","19_5"
"901","no","beech","21","21_1"
"902","no","beech","21","21_1"
"903","no","beech","21","21_1"
"904","no","hardwood (other)","21","21_1"
"905","no","beech","21","21_1"
"906","no","beech","21","21_1"
"907","no","beech","21","21_1"
"908","no","beech","21","21_1"
"909","no","hardwood (other)","21","21_1"
"910","no","beech","21","21_1"
"911","no","beech","21","21_1"
"912","no","hardwood (other)","21","21_1"
"913","no","hardwood (other)","21","21_1"
"914","no","hardwood (other)","21","21_1"
"915","no","oak","21","21_1"
"916","no","oak","21","21_2"
"917","no","beech","21","21_2"
"918","no","beech","21","21_2"
"919","no","beech","21","21_2"
"920","no","beech","21","21_2"
"921","no","beech","21","21_2"
"922","yes","hardwood (other)","21","21_2"
"923","no","beech","21","21_2"
"924","no","beech","21","21_2"
"925","no","oak","21","21_2"
"926","no","beech","21","21_2"
"927","no","hardwood (other)","21","21_2"
"928","no","beech","21","21_2"
"929","no","beech","21","21_2"
"930","no","beech","21","21_2"
"931","no","beech","21","21_3"
"932","no","beech","21","21_3"
"933","no","oak","21","21_3"
"934","no","oak","21","21_3"
"935","no","beech","21","21_3"
"936","no","beech","21","21_3"
"937","no","beech","21","21_3"
"938","no","beech","21","21_3"
"939","no","beech","21","21_3"
"940","no","oak","21","21_3"
"941","yes","oak","21","21_3"
"942","no","oak","21","21_3"
"943","no","beech","21","21_3"
"944","no","beech","21","21_3"
"945","no","beech","21","21_3"
"946","no","oak","21","21_4"
"947","yes","hardwood (other)","21","21_4"
"948","no","hardwood (other)","21","21_4"
"949","no","oak","21","21_4"
"950","no","oak","21","21_4"
"951","no","oak","21","21_4"
"952","no","beech","21","21_4"
"953","no","beech","21","21_4"
"954","no","beech","21","21_4"
"955","no","oak","21","21_4"
"956","no","beech","21","21_4"
"957","no","beech","21","21_4"
"958","yes","oak","21","21_4"
"959","yes","oak","21","21_4"
"960","no","beech","21","21_4"
"961","no","oak","21","21_5"
"962","no","oak","21","21_5"
"963","no","oak","21","21_5"
"964","no","pine","21","21_5"
"965","no","pine","21","21_5"
"966","no","pine","21","21_5"
"967","no","oak","21","21_5"
"968","no","oak","21","21_5"
"969","yes","oak","21","21_5"
"970","no","pine","21","21_5"
"971","no","beech","21","21_5"
"972","no","oak","21","21_5"
"973","no","oak","21","21_5"
"974","no","beech","21","21_5"
"975","no","pine","21","21_5"
"976","no","oak","22","22_1"
"977","no","oak","22","22_1"
"978","no","oak","22","22_1"
"979","no","oak","22","22_1"
"980","no","oak","22","22_1"
"981","no","oak","22","22_1"
"982","no","beech","22","22_1"
"983","no","oak","22","22_1"
"984","no","oak","22","22_1"
"985","no","oak","22","22_1"
"986","no","pine","22","22_1"
"987","no","pine","22","22_1"
"988","no","hardwood (other)","22","22_1"
"989","no","hardwood (other)","22","22_1"
"990","no","oak","22","22_1"
"991","no","pine","22","22_2"
"992","no","pine","22","22_2"
"993","no","pine","22","22_2"
"994","no","oak","22","22_2"
"995","no","oak","22","22_2"
"996","no","beech","22","22_2"
"997","no","pine","22","22_2"
"998","no","oak","22","22_2"
"999","no","pine","22","22_2"
"1000","no","oak","22","22_2"
"1001","no","oak","22","22_2"
"1002","no","pine","22","22_2"
"1003","no","pine","22","22_2"
"1004","no","pine","22","22_2"
"1005","no","oak","22","22_2"
"1006","no","pine","22","22_3"
"1007","no","pine","22","22_3"
"1008","no","oak","22","22_3"
"1009","no","pine","22","22_3"
"1010","no","pine","22","22_3"
"1011","no","pine","22","22_3"
"1012","no","oak","22","22_3"
"1013","no","pine","22","22_3"
"1014","no","oak","22","22_3"
"1015","no","pine","22","22_3"
"1016","no","pine","22","22_3"
"1017","no","oak","22","22_3"
"1018","no","pine","22","22_3"
"1019","no","spruce","22","22_3"
"1020","no","pine","22","22_3"
"1021","no","pine","22","22_4"
"1022","no","pine","22","22_4"
"1023","no","pine","22","22_4"
"1024","no","pine","22","22_4"
"1025","no","pine","22","22_4"
"1026","no","pine","22","22_4"
"1027","no","pine","22","22_4"
"1028","no","oak","22","22_4"
"1029","no","pine","22","22_4"
"1030","no","pine","22","22_4"
"1031","no","hardwood (other)","22","22_4"
"1032","no","hardwood (other)","22","22_4"
"1033","no","pine","22","22_4"
"1034","no","pine","22","22_4"
"1035","no","pine","22","22_4"
"1036","no","oak","22","22_5"
"1037","no","oak","22","22_5"
"1038","no","oak","22","22_5"
"1039","no","oak","22","22_5"
"1040","no","oak","22","22_5"
"1041","no","oak","22","22_5"
"1042","no","oak","22","22_5"
"1043","no","oak","22","22_5"
"1044","yes","oak","22","22_5"
"1045","no","oak","22","22_5"
"1046","no","oak","22","22_5"
"1047","no","oak","22","22_5"
"1048","no","oak","22","22_5"
"1049","no","oak","22","22_5"
"1050","no","pine","22","22_5"
"1051","no","pine","23","23_1"
"1052","no","pine","23","23_1"
"1053","no","oak","23","23_1"
"1054","no","oak","23","23_1"
"1055","no","hardwood (other)","23","23_1"
"1056","no","hardwood (other)","23","23_1"
"1057","no","pine","23","23_1"
"1058","yes","pine","23","23_1"
"1059","yes","oak","23","23_1"
"1060","no","pine","23","23_1"
"1061","no","pine","23","23_1"
"1062","no","oak","23","23_1"
"1063","no","pine","23","23_1"
"1064","no","oak","23","23_1"
"1065","no","pine","23","23_1"
"1066","no","oak","23","23_2"
"1067","yes","oak","23","23_2"
"1068","no","oak","23","23_2"
"1069","yes","oak","23","23_2"
"1070","no","pine","23","23_2"
"1071","no","oak","23","23_2"
"1072","no","pine","23","23_2"
"1073","no","pine","23","23_2"
"1074","yes","hardwood (other)","23","23_2"
"1075","no","hardwood (other)","23","23_2"
"1076","no","oak","23","23_2"
"1077","no","hardwood (other)","23","23_2"
"1078","no","oak","23","23_2"
"1079","no","oak","23","23_2"
"1080","no","hardwood (other)","23","23_2"
"1081","no","pine","23","23_3"
"1082","no","hardwood (other)","23","23_3"
"1083","yes","oak","23","23_3"
"1084","no","beech","23","23_3"
"1085","no","oak","23","23_3"
"1086","no","pine","23","23_3"
"1087","no","pine","23","23_3"
"1088","no","fir","23","23_3"
"1089","no","oak","23","23_3"
"1090","no","oak","23","23_3"
"1091","no","oak","23","23_3"
"1092","no","oak","23","23_3"
"1093","no","oak","23","23_3"
"1094","no","oak","23","23_3"
"1095","no","oak","23","23_3"
"1096","no","oak","23","23_4"
"1097","no","beech","23","23_4"
"1098","no","oak","23","23_4"
"1099","no","oak","23","23_4"
"1100","no","hardwood (other)","23","23_4"
"1101","no","oak","23","23_4"
"1102","no","oak","23","23_4"
"1103","no","oak","23","23_4"
"1104","no","pine","23","23_4"
"1105","no","pine","23","23_4"
"1106","yes","oak","23","23_4"
"1107","no","oak","23","23_4"
"1108","no","hardwood (other)","23","23_4"
"1109","no","pine","23","23_4"
"1110","yes","oak","23","23_4"
"1111","yes","oak","23","23_5"
"1112","yes","oak","23","23_5"
"1113","no","oak","23","23_5"
"1114","no","oak","23","23_5"
"1115","no","oak","23","23_5"
"1116","yes","oak","23","23_5"
"1117","yes","oak","23","23_5"
"1118","no","oak","23","23_5"
"1119","no","pine","23","23_5"
"1120","no","oak","23","23_5"
"1121","no","oak","23","23_5"
"1122","no","spruce","23","23_5"
"1123","no","pine","23","23_5"
"1124","yes","oak","23","23_5"
"1125","yes","oak","23","23_5"
"1126","yes","oak","27","27_1"
"1127","no","oak","27","27_1"
"1128","no","pine","27","27_1"
"1129","no","oak","27","27_1"
"1130","no","pine","27","27_1"
"1131","no","oak","27","27_1"
"1132","no","oak","27","27_1"
"1133","no","pine","27","27_1"
"1134","no","pine","27","27_1"
"1135","no","pine","27","27_1"
"1136","no","pine","27","27_1"
"1137","no","pine","27","27_1"
"1138","no","oak","27","27_1"
"1139","no","oak","27","27_1"
"1140","no","oak","27","27_1"
"1141","no","oak","27","27_2"
"1142","no","pine","27","27_2"
"1143","no","oak","27","27_2"
"1144","no","pine","27","27_2"
"1145","no","pine","27","27_2"
"1146","no","pine","27","27_2"
"1147","no","oak","27","27_2"
"1148","no","pine","27","27_2"
"1149","no","pine","27","27_2"
"1150","no","pine","27","27_2"
"1151","no","oak","27","27_2"
"1152","no","hardwood (other)","27","27_2"
"1153","no","oak","27","27_2"
"1154","no","hardwood (other)","27","27_2"
"1155","no","oak","27","27_2"
"1156","no","pine","27","27_3"
"1157","no","pine","27","27_3"
"1158","no","oak","27","27_3"
"1159","no","pine","27","27_3"
"1160","no","pine","27","27_3"
"1161","no","pine","27","27_3"
"1162","no","oak","27","27_3"
"1163","no","oak","27","27_3"
"1164","no","pine","27","27_3"
"1165","no","pine","27","27_3"
"1166","no","oak","27","27_3"
"1167","no","pine","27","27_3"
"1168","no","oak","27","27_3"
"1169","no","pine","27","27_3"
"1170","no","oak","27","27_3"
"1171","no","pine","27","27_4"
"1172","no","oak","27","27_4"
"1173","no","oak","27","27_4"
"1174","no","pine","27","27_4"
"1175","no","pine","27","27_4"
"1176","no","oak","27","27_4"
"1177","no","oak","27","27_4"
"1178","no","pine","27","27_4"
"1179","no","oak","27","27_4"
"1180","no","oak","27","27_4"
"1181","no","pine","27","27_4"
"1182","yes","oak","27","27_4"
"1183","no","pine","27","27_4"
"1184","no","oak","27","27_4"
"1185","no","pine","27","27_4"
"1186","no","oak","27","27_5"
"1187","no","oak","27","27_5"
"1188","yes","oak","27","27_5"
"1189","no","oak","27","27_5"
"1190","yes","oak","27","27_5"
"1191","no","hardwood (other)","27","27_5"
"1192","no","oak","27","27_5"
"1193","no","hardwood (other)","27","27_5"
"1194","no","oak","27","27_5"
"1195","no","oak","27","27_5"
"1196","no","oak","27","27_5"
"1197","no","hardwood (other)","27","27_5"
"1198","no","hardwood (other)","27","27_5"
"1199","yes","oak","27","27_5"
"1200","no","oak","27","27_5"
"1201","no","oak","29","29_1"
"1202","no","pine","29","29_1"
"1203","no","oak","29","29_1"
"1204","no","oak","29","29_1"
"1205","yes","oak","29","29_1"
"1206","yes","oak","29","29_1"
"1207","no","oak","29","29_1"
"1208","no","pine","29","29_1"
"1209","no","oak","29","29_1"
"1210","no","oak","29","29_1"
"1211","no","oak","29","29_1"
"1212","no","pine","29","29_1"
"1213","no","pine","29","29_1"
"1214","no","pine","29","29_1"
"1215","no","pine","29","29_1"
"1216","no","pine","29","29_2"
"1217","yes","oak","29","29_2"
"1218","yes","oak","29","29_2"
"1219","no","pine","29","29_2"
"1220","no","pine","29","29_2"
"1221","no","pine","29","29_2"
"1222","no","pine","29","29_2"
"1223","no","pine","29","29_2"
"1224","yes","oak","29","29_2"
"1225","no","oak","29","29_2"
"1226","no","pine","29","29_2"
"1227","no","pine","29","29_2"
"1228","no","oak","29","29_2"
"1229","yes","oak","29","29_2"
"1230","no","oak","29","29_2"
"1231","no","pine","29","29_3"
"1232","no","pine","29","29_3"
"1233","no","pine","29","29_3"
"1234","no","pine","29","29_3"
"1235","no","oak","29","29_3"
"1236","no","oak","29","29_3"
"1237","no","pine","29","29_3"
"1238","no","pine","29","29_3"
"1239","no","pine","29","29_3"
"1240","no","pine","29","29_3"
"1241","no","pine","29","29_3"
"1242","no","pine","29","29_3"
"1243","no","oak","29","29_3"
"1244","no","oak","29","29_3"
"1245","no","pine","29","29_3"
"1246","no","oak","29","29_4"
"1247","no","oak","29","29_4"
"1248","no","oak","29","29_4"
"1249","no","oak","29","29_4"
"1250","no","pine","29","29_4"
"1251","no","oak","29","29_4"
"1252","no","pine","29","29_4"
"1253","no","pine","29","29_4"
"1254","no","oak","29","29_4"
"1255","no","oak","29","29_4"
"1256","no","oak","29","29_4"
"1257","no","oak","29","29_4"
"1258","no","pine","29","29_4"
"1259","no","pine","29","29_4"
"1260","no","pine","29","29_4"
"1261","no","pine","29","29_5"
"1262","no","pine","29","29_5"
"1263","no","pine","29","29_5"
"1264","no","pine","29","29_5"
"1265","no","pine","29","29_5"
"1266","no","pine","29","29_5"
"1267","no","pine","29","29_5"
"1268","no","oak","29","29_5"
"1269","no","oak","29","29_5"
"1270","no","pine","29","29_5"
"1271","no","pine","29","29_5"
"1272","no","pine","29","29_5"
"1273","no","oak","29","29_5"
"1274","no","pine","29","29_5"
"1275","no","hardwood (other)","29","29_5"
"1276","no","beech","30","30_1"
"1277","no","hardwood (other)","30","30_1"
"1278","no","oak","30","30_1"
"1279","no","beech","30","30_1"
"1280","no","beech","30","30_1"
"1281","no","oak","30","30_1"
"1282","no","oak","30","30_1"
"1283","no","hardwood (other)","30","30_1"
"1284","no","oak","30","30_1"
"1285","no","hardwood (other)","30","30_1"
"1286","no","beech","30","30_1"
"1287","no","oak","30","30_1"
"1288","no","beech","30","30_1"
"1289","no","oak","30","30_1"
"1290","no","oak","30","30_1"
"1291","no","oak","30","30_2"
"1292","no","beech","30","30_2"
"1293","no","oak","30","30_2"
"1294","no","hardwood (other)","30","30_2"
"1295","no","hardwood (other)","30","30_2"
"1296","no","hardwood (other)","30","30_2"
"1297","no","hardwood (other)","30","30_2"
"1298","no","beech","30","30_2"
"1299","no","ash/maple/elm/lime","30","30_2"
"1300","no","oak","30","30_2"
"1301","no","hardwood (other)","30","30_2"
"1302","no","hardwood (other)","30","30_2"
"1303","no","hardwood (other)","30","30_2"
"1304","no","beech","30","30_2"
"1305","no","ash/maple/elm/lime","30","30_2"
"1306","no","ash/maple/elm/lime","30","30_3"
"1307","no","ash/maple/elm/lime","30","30_3"
"1308","no","beech","30","30_3"
"1309","no","hardwood (other)","30","30_3"
"1310","no","hardwood (other)","30","30_3"
"1311","no","oak","30","30_3"
"1312","no","hardwood (other)","30","30_3"
"1313","no","hardwood (other)","30","30_3"
"1314","no","ash/maple/elm/lime","30","30_3"
"1315","no","ash/maple/elm/lime","30","30_3"
"1316","no","ash/maple/elm/lime","30","30_3"
"1317","no","ash/maple/elm/lime","30","30_3"
"1318","no","ash/maple/elm/lime","30","30_3"
"1319","no","ash/maple/elm/lime","30","30_3"
"1320","no","oak","30","30_3"
"1321","no","beech","30","30_4"
"1322","no","oak","30","30_4"
"1323","no","softwood (other)","30","30_4"
"1324","no","oak","30","30_4"
"1325","yes","ash/maple/elm/lime","30","30_4"
"1326","no","ash/maple/elm/lime","30","30_4"
"1327","no","softwood (other)","30","30_4"
"1328","no","hardwood (other)","30","30_4"
"1329","no","ash/maple/elm/lime","30","30_4"
"1330","no","ash/maple/elm/lime","30","30_4"
"1331","no","ash/maple/elm/lime","30","30_4"
"1332","yes","ash/maple/elm/lime","30","30_4"
"1333","no","ash/maple/elm/lime","30","30_4"
"1334","no","ash/maple/elm/lime","30","30_4"
"1335","no","oak","30","30_4"
"1336","no","ash/maple/elm/lime","30","30_5"
"1337","no","beech","30","30_5"
"1338","no","ash/maple/elm/lime","30","30_5"
"1339","no","ash/maple/elm/lime","30","30_5"
"1340","no","beech","30","30_5"
"1341","no","oak","30","30_5"
"1342","no","beech","30","30_5"
"1343","no","oak","30","30_5"
"1344","no","oak","30","30_5"
"1345","no","hardwood (other)","30","30_5"
"1346","no","ash/maple/elm/lime","30","30_5"
"1347","no","ash/maple/elm/lime","30","30_5"
"1348","no","ash/maple/elm/lime","30","30_5"
"1349","no","hardwood (other)","30","30_5"
"1350","no","hardwood (other)","30","30_5"
"1351","no","hardwood (other)","31","31_1"
"1352","yes","beech","31","31_1"
"1353","yes","oak","31","31_1"
"1354","yes","oak","31","31_1"
"1355","no","oak","31","31_1"
"1356","no","oak","31","31_1"
"1357","yes","oak","31","31_1"
"1358","no","oak","31","31_1"
"1359","no","beech","31","31_1"
"1360","no","oak","31","31_1"
"1361","yes","beech","31","31_1"
"1362","no","spruce","31","31_1"
"1363","no","oak","31","31_1"
"1364","no","oak","31","31_1"
"1365","no","oak","31","31_1"
"1366","no","oak","31","31_2"
"1367","no","hardwood (other)","31","31_2"
"1368","no","beech","31","31_2"
"1369","no","oak","31","31_2"
"1370","yes","oak","31","31_2"
"1371","no","oak","31","31_2"
"1372","no","oak","31","31_2"
"1373","yes","oak","31","31_2"
"1374","yes","oak","31","31_2"
"1375","no","oak","31","31_2"
"1376","no","oak","31","31_2"
"1377","no","oak","31","31_2"
"1378","no","oak","31","31_2"
"1379","no","oak","31","31_2"
"1380","yes","oak","31","31_2"
"1381","no","oak","31","31_3"
"1382","no","oak","31","31_3"
"1383","no","oak","31","31_3"
"1384","yes","oak","31","31_3"
"1385","yes","oak","31","31_3"
"1386","no","oak","31","31_3"
"1387","no","oak","31","31_3"
"1388","no","oak","31","31_3"
"1389","no","oak","31","31_3"
"1390","yes","oak","31","31_3"
"1391","yes","oak","31","31_3"
"1392","no","oak","31","31_3"
"1393","no","oak","31","31_3"
"1394","no","oak","31","31_3"
"1395","yes","oak","31","31_3"
"1396","no","hardwood (other)","31","31_4"
"1397","no","hardwood (other)","31","31_4"
"1398","no","oak","31","31_4"
"1399","no","oak","31","31_4"
"1400","no","beech","31","31_4"
"1401","no","oak","31","31_4"
"1402","no","oak","31","31_4"
"1403","no","beech","31","31_4"
"1404","no","beech","31","31_4"
"1405","no","oak","31","31_4"
"1406","no","oak","31","31_4"
"1407","no","oak","31","31_4"
"1408","no","oak","31","31_4"
"1409","yes","oak","31","31_4"
"1410","no","oak","31","31_4"
"1411","no","oak","31","31_5"
"1412","no","oak","31","31_5"
"1413","no","hardwood (other)","31","31_5"
"1414","no","oak","31","31_5"
"1415","yes","oak","31","31_5"
"1416","no","oak","31","31_5"
"1417","no","oak","31","31_5"
"1418","no","oak","31","31_5"
"1419","no","beech","31","31_5"
"1420","no","oak","31","31_5"
"1421","no","oak","31","31_5"
"1422","no","oak","31","31_5"
"1423","no","oak","31","31_5"
"1424","no","oak","31","31_5"
"1425","no","oak","31","31_5"
"1426","no","oak","33","33_1"
"1427","no","oak","33","33_1"
"1428","no","pine","33","33_1"
"1429","no","pine","33","33_1"
"1430","no","oak","33","33_1"
"1431","no","oak","33","33_1"
"1432","no","oak","33","33_1"
"1433","no","oak","33","33_1"
"1434","no","oak","33","33_1"
"1435","no","oak","33","33_1"
"1436","no","oak","33","33_1"
"1437","yes","hardwood (other)","33","33_1"
"1438","no","oak","33","33_1"
"1439","yes","oak","33","33_1"
"1440","no","oak","33","33_1"
"1441","yes","oak","33","33_2"
"1442","no","oak","33","33_2"
"1443","no","oak","33","33_2"
"1444","no","pine","33","33_2"
"1445","no","oak","33","33_2"
"1446","no","oak","33","33_2"
"1447","no","oak","33","33_2"
"1448","no","oak","33","33_2"
"1449","no","oak","33","33_2"
"1450","no","oak","33","33_2"
"1451","no","oak","33","33_2"
"1452","no","oak","33","33_2"
"1453","no","pine","33","33_2"
"1454","no","pine","33","33_2"
"1455","no","oak","33","33_2"
"1456","no","oak","33","33_3"
"1457","no","oak","33","33_3"
"1458","no","oak","33","33_3"
"1459","yes","oak","33","33_3"
"1460","no","oak","33","33_3"
"1461","no","pine","33","33_3"
"1462","no","pine","33","33_3"
"1463","no","oak","33","33_3"
"1464","no","oak","33","33_3"
"1465","no","pine","33","33_3"
"1466","no","pine","33","33_3"
"1467","no","pine","33","33_3"
"1468","no","pine","33","33_3"
"1469","no","pine","33","33_3"
"1470","no","pine","33","33_3"
"1471","no","oak","33","33_4"
"1472","no","oak","33","33_4"
"1473","no","pine","33","33_4"
"1474","no","pine","33","33_4"
"1475","no","pine","33","33_4"
"1476","no","pine","33","33_4"
"1477","no","pine","33","33_4"
"1478","no","oak","33","33_4"
"1479","yes","oak","33","33_4"
"1480","no","pine","33","33_4"
"1481","no","pine","33","33_4"
"1482","no","pine","33","33_4"
"1483","no","pine","33","33_4"
"1484","no","pine","33","33_4"
"1485","no","oak","33","33_4"
"1486","no","oak","33","33_5"
"1487","yes","oak","33","33_5"
"1488","no","oak","33","33_5"
"1489","no","pine","33","33_5"
"1490","no","oak","33","33_5"
"1491","no","pine","33","33_5"
"1492","no","pine","33","33_5"
"1493","no","pine","33","33_5"
"1494","no","oak","33","33_5"
"1495","no","pine","33","33_5"
"1496","no","pine","33","33_5"
"1497","no","pine","33","33_5"
"1498","no","oak","33","33_5"
"1499","no","pine","33","33_5"
"1500","no","pine","33","33_5"
"1501","no","pine","34","34_1"
"1502","no","pine","34","34_1"
"1503","no","pine","34","34_1"
"1504","no","hardwood (other)","34","34_1"
"1505","no","hardwood (other)","34","34_1"
"1506","no","hardwood (other)","34","34_1"
"1507","no","pine","34","34_1"
"1508","no","pine","34","34_1"
"1509","no","pine","34","34_1"
"1510","no","pine","34","34_1"
"1511","no","pine","34","34_1"
"1512","no","pine","34","34_1"
"1513","no","pine","34","34_1"
"1514","no","pine","34","34_1"
"1515","no","pine","34","34_1"
"1516","no","pine","34","34_2"
"1517","no","pine","34","34_2"
"1518","no","beech","34","34_2"
"1519","no","beech","34","34_2"
"1520","no","beech","34","34_2"
"1521","no","pine","34","34_2"
"1522","no","pine","34","34_2"
"1523","no","beech","34","34_2"
"1524","no","pine","34","34_2"
"1525","no","pine","34","34_2"
"1526","no","beech","34","34_2"
"1527","no","beech","34","34_2"
"1528","no","pine","34","34_2"
"1529","no","pine","34","34_2"
"1530","no","pine","34","34_2"
"1531","no","beech","34","34_3"
"1532","no","beech","34","34_3"
"1533","no","beech","34","34_3"
"1534","no","beech","34","34_3"
"1535","no","beech","34","34_3"
"1536","no","beech","34","34_3"
"1537","no","beech","34","34_3"
"1538","no","beech","34","34_3"
"1539","no","beech","34","34_3"
"1540","no","beech","34","34_3"
"1541","no","beech","34","34_3"
"1542","no","beech","34","34_3"
"1543","no","beech","34","34_3"
"1544","no","beech","34","34_3"
"1545","no","beech","34","34_3"
"1546","no","beech","34","34_4"
"1547","no","pine","34","34_4"
"1548","no","pine","34","34_4"
"1549","no","pine","34","34_4"
"1550","no","pine","34","34_4"
"1551","no","pine","34","34_4"
"1552","no","beech","34","34_4"
"1553","no","pine","34","34_4"
"1554","no","pine","34","34_4"
"1555","no","beech","34","34_4"
"1556","no","beech","34","34_4"
"1557","no","pine","34","34_4"
"1558","no","pine","34","34_4"
"1559","no","pine","34","34_4"
"1560","no","pine","34","34_4"
"1561","no","pine","34","34_5"
"1562","yes","beech","34","34_5"
"1563","no","beech","34","34_5"
"1564","no","pine","34","34_5"
"1565","no","beech","34","34_5"
"1566","no","pine","34","34_5"
"1567","no","pine","34","34_5"
"1568","no","beech","34","34_5"
"1569","no","pine","34","34_5"
"1570","no","pine","34","34_5"
"1571","no","pine","34","34_5"
"1572","no","pine","34","34_5"
"1573","no","beech","34","34_5"
"1574","no","beech","34","34_5"
"1575","no","pine","34","34_5"
"1576","no","oak","35","35_1"
"1577","no","oak","35","35_1"
"1578","no","pine","35","35_1"
"1579","no","pine","35","35_1"
"1580","no","pine","35","35_1"
"1581","no","pine","35","35_1"
"1582","no","pine","35","35_1"
"1583","no","pine","35","35_1"
"1584","no","pine","35","35_1"
"1585","no","oak","35","35_1"
"1586","no","pine","35","35_1"
"1587","no","pine","35","35_1"
"1588","no","pine","35","35_1"
"1589","no","pine","35","35_1"
"1590","no","pine","35","35_1"
"1591","no","pine","35","35_2"
"1592","no","pine","35","35_2"
"1593","no","pine","35","35_2"
"1594","no","pine","35","35_2"
"1595","no","pine","35","35_2"
"1596","no","pine","35","35_2"
"1597","no","pine","35","35_2"
"1598","yes","oak","35","35_2"
"1599","no","pine","35","35_2"
"1600","no","pine","35","35_2"
"1601","no","pine","35","35_2"
"1602","no","pine","35","35_2"
"1603","no","pine","35","35_2"
"1604","no","pine","35","35_2"
"1605","no","pine","35","35_2"
"1606","no","pine","35","35_3"
"1607","no","pine","35","35_3"
"1608","no","pine","35","35_3"
"1609","no","pine","35","35_3"
"1610","no","oak","35","35_3"
"1611","no","oak","35","35_3"
"1612","yes","oak","35","35_3"
"1613","no","pine","35","35_3"
"1614","no","beech","35","35_3"
"1615","yes","oak","35","35_3"
"1616","no","oak","35","35_3"
"1617","yes","pine","35","35_3"
"1618","no","pine","35","35_3"
"1619","no","oak","35","35_3"
"1620","no","oak","35","35_3"
"1621","no","pine","35","35_4"
"1622","no","pine","35","35_4"
"1623","no","pine","35","35_4"
"1624","no","pine","35","35_4"
"1625","no","pine","35","35_4"
"1626","no","pine","35","35_4"
"1627","no","pine","35","35_4"
"1628","no","pine","35","35_4"
"1629","no","pine","35","35_4"
"1630","no","pine","35","35_4"
"1631","no","pine","35","35_4"
"1632","no","pine","35","35_4"
"1633","no","pine","35","35_4"
"1634","no","pine","35","35_4"
"1635","no","pine","35","35_4"
"1636","no","oak","35","35_5"
"1637","no","oak","35","35_5"
"1638","no","oak","35","35_5"
"1639","no","pine","35","35_5"
"1640","no","pine","35","35_5"
"1641","no","pine","35","35_5"
"1642","no","pine","35","35_5"
"1643","no","pine","35","35_5"
"1644","no","oak","35","35_5"
"1645","no","oak","35","35_5"
"1646","yes","oak","35","35_5"
"1647","no","pine","35","35_5"
"1648","no","pine","35","35_5"
"1649","no","pine","35","35_5"
"1650","no","pine","35","35_5"
"1651","no","oak","37","37_1"
"1652","no","pine","37","37_1"
"1653","no","oak","37","37_1"
"1654","no","oak","37","37_1"
"1655","no","oak","37","37_1"
"1656","no","oak","37","37_1"
"1657","no","oak","37","37_1"
"1658","no","oak","37","37_1"
"1659","no","oak","37","37_1"
"1660","no","pine","37","37_1"
"1661","no","pine","37","37_1"
"1662","no","pine","37","37_1"
"1663","no","oak","37","37_1"
"1664","no","pine","37","37_1"
"1665","no","oak","37","37_1"
"1666","no","oak","37","37_2"
"1667","no","oak","37","37_2"
"1668","no","oak","37","37_2"
"1669","no","oak","37","37_2"
"1670","yes","oak","37","37_2"
"1671","no","oak","37","37_2"
"1672","no","hardwood (other)","37","37_2"
"1673","no","oak","37","37_2"
"1674","no","oak","37","37_2"
"1675","no","oak","37","37_2"
"1676","no","oak","37","37_2"
"1677","yes","oak","37","37_2"
"1678","no","oak","37","37_2"
"1679","no","oak","37","37_2"
"1680","no","hardwood (other)","37","37_2"
"1681","no","oak","37","37_3"
"1682","no","oak","37","37_3"
"1683","no","oak","37","37_3"
"1684","no","oak","37","37_3"
"1685","no","oak","37","37_3"
"1686","yes","oak","37","37_3"
"1687","no","oak","37","37_3"
"1688","no","oak","37","37_3"
"1689","no","oak","37","37_3"
"1690","no","oak","37","37_3"
"1691","yes","oak","37","37_3"
"1692","no","pine","37","37_3"
"1693","no","oak","37","37_3"
"1694","no","oak","37","37_3"
"1695","no","oak","37","37_3"
"1696","yes","oak","37","37_4"
"1697","no","pine","37","37_4"
"1698","no","oak","37","37_4"
"1699","no","oak","37","37_4"
"1700","no","oak","37","37_4"
"1701","no","oak","37","37_4"
"1702","no","oak","37","37_4"
"1703","no","oak","37","37_4"
"1704","no","oak","37","37_4"
"1705","no","oak","37","37_4"
"1706","no","oak","37","37_4"
"1707","no","oak","37","37_4"
"1708","no","oak","37","37_4"
"1709","no","pine","37","37_4"
"1710","no","oak","37","37_4"
"1711","no","oak","37","37_5"
"1712","no","oak","37","37_5"
"1713","no","oak","37","37_5"
"1714","no","oak","37","37_5"
"1715","no","oak","37","37_5"
"1716","no","oak","37","37_5"
"1717","no","oak","37","37_5"
"1718","no","oak","37","37_5"
"1719","no","oak","37","37_5"
"1720","no","oak","37","37_5"
"1721","no","oak","37","37_5"
"1722","no","oak","37","37_5"
"1723","no","oak","37","37_5"
"1724","no","oak","37","37_5"
"1725","no","oak","37","37_5"
"1726","no","oak","38","38_1"
"1727","no","oak","38","38_1"
"1728","no","pine","38","38_1"
"1729","no","oak","38","38_1"
"1730","no","oak","38","38_1"
"1731","no","oak","38","38_1"
"1732","no","oak","38","38_1"
"1733","no","oak","38","38_1"
"1734","no","oak","38","38_1"
"1735","no","oak","38","38_1"
"1736","no","oak","38","38_1"
"1737","no","oak","38","38_1"
"1738","no","oak","38","38_1"
"1739","no","oak","38","38_1"
"1740","no","oak","38","38_1"
"1741","no","oak","38","38_2"
"1742","no","oak","38","38_2"
"1743","no","oak","38","38_2"
"1744","no","oak","38","38_2"
"1745","no","oak","38","38_2"
"1746","no","oak","38","38_2"
"1747","no","oak","38","38_2"
"1748","yes","oak","38","38_2"
"1749","no","oak","38","38_2"
"1750","no","oak","38","38_2"
"1751","yes","oak","38","38_2"
"1752","no","oak","38","38_2"
"1753","no","oak","38","38_2"
"1754","no","oak","38","38_2"
"1755","no","oak","38","38_2"
"1756","no","oak","38","38_3"
"1757","no","oak","38","38_3"
"1758","no","oak","38","38_3"
"1759","no","oak","38","38_3"
"1760","no","oak","38","38_3"
"1761","no","oak","38","38_3"
"1762","no","oak","38","38_3"
"1763","no","oak","38","38_3"
"1764","no","oak","38","38_3"
"1765","no","oak","38","38_3"
"1766","no","oak","38","38_3"
"1767","no","oak","38","38_3"
"1768","no","oak","38","38_3"
"1769","no","oak","38","38_3"
"1770","no","oak","38","38_3"
"1771","no","oak","38","38_4"
"1772","no","oak","38","38_4"
"1773","no","oak","38","38_4"
"1774","no","oak","38","38_4"
"1775","no","oak","38","38_4"
"1776","no","oak","38","38_4"
"1777","no","oak","38","38_4"
"1778","no","oak","38","38_4"
"1779","no","oak","38","38_4"
"1780","no","oak","38","38_4"
"1781","no","oak","38","38_4"
"1782","no","oak","38","38_4"
"1783","no","oak","38","38_4"
"1784","no","oak","38","38_4"
"1785","no","oak","38","38_4"
"1786","no","oak","38","38_5"
"1787","no","oak","38","38_5"
"1788","no","oak","38","38_5"
"1789","no","oak","38","38_5"
"1790","no","oak","38","38_5"
"1791","no","oak","38","38_5"
"1792","no","oak","38","38_5"
"1793","no","oak","38","38_5"
"1794","no","oak","38","38_5"
"1795","no","oak","38","38_5"
"1796","no","oak","38","38_5"
"1797","no","oak","38","38_5"
"1798","no","oak","38","38_5"
"1799","no","oak","38","38_5"
"1800","no","oak","38","38_5"
"1801","no","oak","39","39_1"
"1802","no","hardwood (other)","39","39_1"
"1803","yes","oak","39","39_1"
"1804","no","oak","39","39_1"
"1805","no","hardwood (other)","39","39_1"
"1806","yes","oak","39","39_1"
"1807","yes","oak","39","39_1"
"1808","yes","oak","39","39_1"
"1809","yes","oak","39","39_1"
"1810","yes","oak","39","39_1"
"1811","yes","oak","39","39_1"
"1812","yes","oak","39","39_1"
"1813","yes","oak","39","39_1"
"1814","no","hardwood (other)","39","39_1"
"1815","yes","oak","39","39_1"
"1816","no","hardwood (other)","39","39_2"
"1817","yes","oak","39","39_2"
"1818","no","oak","39","39_2"
"1819","no","oak","39","39_2"
"1820","no","oak","39","39_2"
"1821","no","hardwood (other)","39","39_2"
"1822","no","hardwood (other)","39","39_2"
"1823","no","pine","39","39_2"
"1824","yes","oak","39","39_2"
"1825","yes","oak","39","39_2"
"1826","yes","oak","39","39_2"
"1827","no","hardwood (other)","39","39_2"
"1828","yes","oak","39","39_2"
"1829","yes","oak","39","39_2"
"1830","yes","oak","39","39_2"
"1831","yes","oak","39","39_3"
"1832","yes","oak","39","39_3"
"1833","yes","oak","39","39_3"
"1834","yes","oak","39","39_3"
"1835","yes","oak","39","39_3"
"1836","yes","oak","39","39_3"
"1837","yes","oak","39","39_3"
"1838","yes","oak","39","39_3"
"1839","yes","oak","39","39_3"
"1840","yes","oak","39","39_3"
"1841","yes","oak","39","39_3"
"1842","yes","oak","39","39_3"
"1843","yes","oak","39","39_3"
"1844","no","pine","39","39_3"
"1845","no","oak","39","39_3"
"1846","yes","oak","39","39_4"
"1847","no","oak","39","39_4"
"1848","yes","oak","39","39_4"
"1849","no","oak","39","39_4"
"1850","no","oak","39","39_4"
"1851","yes","oak","39","39_4"
"1852","no","oak","39","39_4"
"1853","yes","oak","39","39_4"
"1854","yes","oak","39","39_4"
"1855","yes","oak","39","39_4"
"1856","yes","oak","39","39_4"
"1857","yes","oak","39","39_4"
"1858","no","oak","39","39_4"
"1859","yes","oak","39","39_4"
"1860","yes","oak","39","39_4"
"1861","no","pine","39","39_5"
"1862","no","oak","39","39_5"
"1863","yes","oak","39","39_5"
"1864","no","oak","39","39_5"
"1865","no","oak","39","39_5"
"1866","yes","oak","39","39_5"
"1867","yes","hardwood (other)","39","39_5"
"1868","no","oak","39","39_5"
"1869","no","oak","39","39_5"
"1870","no","oak","39","39_5"
"1871","yes","oak","39","39_5"
"1872","yes","oak","39","39_5"
"1873","no","oak","39","39_5"
"1874","yes","oak","39","39_5"
"1875","yes","oak","39","39_5"
"1876","no","pine","41","41_1"
"1877","no","pine","41","41_1"
"1878","no","pine","41","41_1"
"1879","no","pine","41","41_1"
"1880","no","pine","41","41_1"
"1881","no","pine","41","41_1"
"1882","no","hardwood (other)","41","41_1"
"1883","no","pine","41","41_1"
"1884","no","pine","41","41_1"
"1885","no","pine","41","41_1"
"1886","no","pine","41","41_1"
"1887","no","pine","41","41_1"
"1888","no","pine","41","41_1"
"1889","no","pine","41","41_1"
"1890","no","pine","41","41_1"
"1891","no","oak","41","41_2"
"1892","no","oak","41","41_2"
"1893","no","pine","41","41_2"
"1894","no","pine","41","41_2"
"1895","no","pine","41","41_2"
"1896","no","pine","41","41_2"
"1897","no","pine","41","41_2"
"1898","yes","oak","41","41_2"
"1899","no","pine","41","41_2"
"1900","no","pine","41","41_2"
"1901","no","pine","41","41_2"
"1902","no","pine","41","41_2"
"1903","yes","oak","41","41_2"
"1904","no","pine","41","41_2"
"1905","no","pine","41","41_2"
"1906","no","pine","41","41_3"
"1907","no","hardwood (other)","41","41_3"
"1908","no","hardwood (other)","41","41_3"
"1909","no","hardwood (other)","41","41_3"
"1910","no","hardwood (other)","41","41_3"
"1911","no","pine","41","41_3"
"1912","no","pine","41","41_3"
"1913","no","pine","41","41_3"
"1914","yes","hardwood (other)","41","41_3"
"1915","yes","hardwood (other)","41","41_3"
"1916","no","pine","41","41_3"
"1917","no","pine","41","41_3"
"1918","no","pine","41","41_3"
"1919","no","pine","41","41_3"
"1920","no","pine","41","41_3"
"1921","no","pine","41","41_4"
"1922","no","pine","41","41_4"
"1923","no","pine","41","41_4"
"1924","no","softwood (other)","41","41_4"
"1925","no","pine","41","41_4"
"1926","no","pine","41","41_4"
"1927","no","pine","41","41_4"
"1928","no","pine","41","41_4"
"1929","no","pine","41","41_4"
"1930","no","pine","41","41_4"
"1931","no","pine","41","41_4"
"1932","no","hardwood (other)","41","41_4"
"1933","no","pine","41","41_4"
"1934","no","pine","41","41_4"
"1935","no","pine","41","41_4"
"1936","no","pine","41","41_5"
"1937","no","pine","41","41_5"
"1938","no","pine","41","41_5"
"1939","no","pine","41","41_5"
"1940","no","pine","41","41_5"
"1941","no","pine","41","41_5"
"1942","no","pine","41","41_5"
"1943","no","pine","41","41_5"
"1944","no","pine","41","41_5"
"1945","no","pine","41","41_5"
"1946","no","pine","41","41_5"
"1947","no","hardwood (other)","41","41_5"
"1948","no","pine","41","41_5"
"1949","no","pine","41","41_5"
"1950","no","pine","41","41_5"
"1951","no","pine","42","42_1"
"1952","no","pine","42","42_1"
"1953","no","pine","42","42_1"
"1954","no","pine","42","42_1"
"1955","no","pine","42","42_1"
"1956","no","pine","42","42_1"
"1957","no","pine","42","42_1"
"1958","yes","oak","42","42_1"
"1959","no","pine","42","42_1"
"1960","no","pine","42","42_1"
"1961","yes","oak","42","42_1"
"1962","yes","oak","42","42_1"
"1963","yes","oak","42","42_1"
"1964","yes","oak","42","42_1"
"1965","yes","oak","42","42_1"
"1966","no","oak","42","42_2"
"1967","no","oak","42","42_2"
"1968","no","oak","42","42_2"
"1969","no","oak","42","42_2"
"1970","no","oak","42","42_2"
"1971","no","oak","42","42_2"
"1972","no","oak","42","42_2"
"1973","no","oak","42","42_2"
"1974","no","oak","42","42_2"
"1975","no","oak","42","42_2"
"1976","no","oak","42","42_2"
"1977","no","oak","42","42_2"
"1978","no","oak","42","42_2"
"1979","no","oak","42","42_2"
"1980","no","pine","42","42_2"
"1981","no","pine","42","42_3"
"1982","no","pine","42","42_3"
"1983","no","pine","42","42_3"
"1984","no","pine","42","42_3"
"1985","no","oak","42","42_3"
"1986","no","pine","42","42_3"
"1987","no","oak","42","42_3"
"1988","yes","oak","42","42_3"
"1989","no","oak","42","42_3"
"1990","no","oak","42","42_3"
"1991","yes","oak","42","42_3"
"1992","no","oak","42","42_3"
"1993","no","oak","42","42_3"
"1994","no","oak","42","42_3"
"1995","no","oak","42","42_3"
"1996","no","oak","42","42_4"
"1997","no","oak","42","42_4"
"1998","no","oak","42","42_4"
"1999","no","oak","42","42_4"
"2000","no","oak","42","42_4"
"2001","no","oak","42","42_4"
"2002","yes","oak","42","42_4"
"2003","no","oak","42","42_4"
"2004","no","oak","42","42_4"
"2005","no","oak","42","42_4"
"2006","no","oak","42","42_4"
"2007","no","oak","42","42_4"
"2008","no","oak","42","42_4"
"2009","no","oak","42","42_4"
"2010","no","oak","42","42_4"
"2011","no","oak","42","42_5"
"2012","no","pine","42","42_5"
"2013","no","hardwood (other)","42","42_5"
"2014","no","oak","42","42_5"
"2015","no","oak","42","42_5"
"2016","no","pine","42","42_5"
"2017","no","oak","42","42_5"
"2018","no","oak","42","42_5"
"2019","no","oak","42","42_5"
"2020","yes","oak","42","42_5"
"2021","no","oak","42","42_5"
"2022","no","oak","42","42_5"
"2023","no","hardwood (other)","42","42_5"
"2024","no","hardwood (other)","42","42_5"
"2025","no","oak","42","42_5"
"2026","no","oak","43","43_1"
"2027","no","pine","43","43_1"
"2028","no","beech","43","43_1"
"2029","no","oak","43","43_1"
"2030","no","pine","43","43_1"
"2031","no","pine","43","43_1"
"2032","no","pine","43","43_1"
"2033","no","oak","43","43_1"
"2034","no","oak","43","43_1"
"2035","no","oak","43","43_1"
"2036","no","oak","43","43_1"
"2037","no","oak","43","43_1"
"2038","no","pine","43","43_1"
"2039","no","oak","43","43_1"
"2040","no","oak","43","43_1"
"2041","no","oak","43","43_2"
"2042","no","oak","43","43_2"
"2043","no","beech","43","43_2"
"2044","no","spruce","43","43_2"
"2045","no","pine","43","43_2"
"2046","no","oak","43","43_2"
"2047","no","oak","43","43_2"
"2048","no","oak","43","43_2"
"2049","no","oak","43","43_2"
"2050","no","oak","43","43_2"
"2051","no","oak","43","43_2"
"2052","no","oak","43","43_2"
"2053","no","oak","43","43_2"
"2054","no","oak","43","43_2"
"2055","no","oak","43","43_2"
"2056","no","beech","43","43_3"
"2057","no","oak","43","43_3"
"2058","no","oak","43","43_3"
"2059","no","oak","43","43_3"
"2060","no","oak","43","43_3"
"2061","no","pine","43","43_3"
"2062","no","oak","43","43_3"
"2063","no","oak","43","43_3"
"2064","no","oak","43","43_3"
"2065","no","oak","43","43_3"
"2066","no","oak","43","43_3"
"2067","no","oak","43","43_3"
"2068","no","oak","43","43_3"
"2069","no","oak","43","43_3"
"2070","no","pine","43","43_3"
"2071","no","oak","43","43_4"
"2072","no","oak","43","43_4"
"2073","no","oak","43","43_4"
"2074","no","oak","43","43_4"
"2075","no","oak","43","43_4"
"2076","no","oak","43","43_4"
"2077","no","oak","43","43_4"
"2078","no","oak","43","43_4"
"2079","no","oak","43","43_4"
"2080","no","oak","43","43_4"
"2081","no","oak","43","43_4"
"2082","no","oak","43","43_4"
"2083","no","oak","43","43_4"
"2084","no","oak","43","43_4"
"2085","no","oak","43","43_4"
"2086","no","beech","43","43_5"
"2087","no","pine","43","43_5"
"2088","no","pine","43","43_5"
"2089","no","pine","43","43_5"
"2090","no","oak","43","43_5"
"2091","no","pine","43","43_5"
"2092","no","pine","43","43_5"
"2093","no","pine","43","43_5"
"2094","no","pine","43","43_5"
"2095","no","pine","43","43_5"
"2096","no","pine","43","43_5"
"2097","no","pine","43","43_5"
"2098","no","oak","43","43_5"
"2099","no","oak","43","43_5"
"2100","no","oak","43","43_5"
"2101","no","oak","45","45_1"
"2102","no","oak","45","45_1"
"2103","no","oak","45","45_1"
"2104","no","oak","45","45_1"
"2105","no","hardwood (other)","45","45_1"
"2106","no","oak","45","45_1"
"2107","no","oak","45","45_1"
"2108","yes","oak","45","45_1"
"2109","no","oak","45","45_1"
"2110","no","oak","45","45_1"
"2111","no","oak","45","45_1"
"2112","yes","oak","45","45_1"
"2113","no","oak","45","45_1"
"2114","no","oak","45","45_1"
"2115","no","oak","45","45_1"
"2116","no","oak","45","45_2"
"2117","no","oak","45","45_2"
"2118","yes","oak","45","45_2"
"2119","no","oak","45","45_2"
"2120","yes","oak","45","45_2"
"2121","no","oak","45","45_2"
"2122","yes","oak","45","45_2"
"2123","no","oak","45","45_2"
"2124","no","oak","45","45_2"
"2125","yes","oak","45","45_2"
"2126","no","oak","45","45_2"
"2127","no","oak","45","45_2"
"2128","yes","oak","45","45_2"
"2129","yes","hardwood (other)","45","45_2"
"2130","no","oak","45","45_2"
"2131","no","oak","45","45_3"
"2132","no","oak","45","45_3"
"2133","no","oak","45","45_3"
"2134","no","oak","45","45_3"
"2135","no","oak","45","45_3"
"2136","yes","oak","45","45_3"
"2137","yes","hardwood (other)","45","45_3"
"2138","yes","oak","45","45_3"
"2139","no","oak","45","45_3"
"2140","yes","oak","45","45_3"
"2141","no","oak","45","45_3"
"2142","no","hardwood (other)","45","45_3"
"2143","no","oak","45","45_3"
"2144","no","oak","45","45_3"
"2145","yes","oak","45","45_3"
"2146","no","oak","45","45_4"
"2147","no","pine","45","45_4"
"2148","no","pine","45","45_4"
"2149","no","pine","45","45_4"
"2150","yes","oak","45","45_4"
"2151","no","oak","45","45_4"
"2152","no","oak","45","45_4"
"2153","no","pine","45","45_4"
"2154","no","oak","45","45_4"
"2155","yes","oak","45","45_4"
"2156","yes","oak","45","45_4"
"2157","no","oak","45","45_4"
"2158","no","oak","45","45_4"
"2159","no","oak","45","45_4"
"2160","no","hardwood (other)","45","45_4"
"2161","no","hardwood (other)","45","45_5"
"2162","no","oak","45","45_5"
"2163","yes","oak","45","45_5"
"2164","no","oak","45","45_5"
"2165","yes","oak","45","45_5"
"2166","yes","oak","45","45_5"
"2167","no","oak","45","45_5"
"2168","yes","oak","45","45_5"
"2169","no","oak","45","45_5"
"2170","no","oak","45","45_5"
"2171","yes","oak","45","45_5"
"2172","yes","oak","45","45_5"
"2173","yes","oak","45","45_5"
"2174","yes","oak","45","45_5"
"2175","no","pine","45","45_5"
"2176","no","pine","46","46_1"
"2177","no","pine","46","46_1"
"2178","no","pine","46","46_1"
"2179","no","pine","46","46_1"
"2180","no","pine","46","46_1"
"2181","no","pine","46","46_1"
"2182","no","pine","46","46_1"
"2183","no","pine","46","46_1"
"2184","no","pine","46","46_1"
"2185","no","oak","46","46_1"
"2186","no","pine","46","46_1"
"2187","no","pine","46","46_1"
"2188","no","pine","46","46_1"
"2189","no","pine","46","46_1"
"2190","no","pine","46","46_1"
"2191","no","oak","46","46_2"
"2192","no","pine","46","46_2"
"2193","no","pine","46","46_2"
"2194","no","pine","46","46_2"
"2195","no","pine","46","46_2"
"2196","no","pine","46","46_2"
"2197","no","pine","46","46_2"
"2198","no","pine","46","46_2"
"2199","no","oak","46","46_2"
"2200","no","pine","46","46_2"
"2201","no","pine","46","46_2"
"2202","no","pine","46","46_2"
"2203","no","pine","46","46_2"
"2204","no","pine","46","46_2"
"2205","no","pine","46","46_2"
"2206","no","pine","46","46_3"
"2207","no","pine","46","46_3"
"2208","no","pine","46","46_3"
"2209","no","pine","46","46_3"
"2210","no","pine","46","46_3"
"2211","no","pine","46","46_3"
"2212","no","pine","46","46_3"
"2213","no","pine","46","46_3"
"2214","no","pine","46","46_3"
"2215","no","pine","46","46_3"
"2216","no","pine","46","46_3"
"2217","no","pine","46","46_3"
"2218","no","oak","46","46_3"
"2219","no","pine","46","46_3"
"2220","no","pine","46","46_3"
"2221","no","pine","46","46_4"
"2222","no","pine","46","46_4"
"2223","no","pine","46","46_4"
"2224","no","oak","46","46_4"
"2225","no","pine","46","46_4"
"2226","no","pine","46","46_4"
"2227","no","pine","46","46_4"
"2228","no","pine","46","46_4"
"2229","no","pine","46","46_4"
"2230","no","pine","46","46_4"
"2231","no","pine","46","46_4"
"2232","no","oak","46","46_4"
"2233","no","pine","46","46_4"
"2234","no","pine","46","46_4"
"2235","no","pine","46","46_4"
"2236","no","pine","46","46_5"
"2237","no","pine","46","46_5"
"2238","no","pine","46","46_5"
"2239","no","pine","46","46_5"
"2240","no","pine","46","46_5"
"2241","no","pine","46","46_5"
"2242","no","pine","46","46_5"
"2243","no","pine","46","46_5"
"2244","no","pine","46","46_5"
"2245","no","pine","46","46_5"
"2246","no","beech","46","46_5"
"2247","no","pine","46","46_5"
"2248","no","oak","46","46_5"
"2249","no","pine","46","46_5"
"2250","no","pine","46","46_5"
"2251","no","pine","47","47_1"
"2252","no","pine","47","47_1"
"2253","no","pine","47","47_1"
"2254","no","pine","47","47_1"
"2255","no","pine","47","47_1"
"2256","no","oak","47","47_1"
"2257","yes","oak","47","47_1"
"2258","yes","oak","47","47_1"
"2259","no","pine","47","47_1"
"2260","no","pine","47","47_1"
"2261","no","oak","47","47_1"
"2262","yes","oak","47","47_1"
"2263","yes","hardwood (other)","47","47_1"
"2264","yes","oak","47","47_1"
"2265","yes","oak","47","47_1"
"2266","no","oak","47","47_2"
"2267","no","oak","47","47_2"
"2268","no","oak","47","47_2"
"2269","no","oak","47","47_2"
"2270","no","oak","47","47_2"
"2271","no","oak","47","47_2"
"2272","no","oak","47","47_2"
"2273","yes","oak","47","47_2"
"2274","yes","oak","47","47_2"
"2275","yes","oak","47","47_2"
"2276","no","oak","47","47_2"
"2277","no","oak","47","47_2"
"2278","no","oak","47","47_2"
"2279","yes","oak","47","47_2"
"2280","no","oak","47","47_2"
"2281","yes","oak","47","47_3"
"2282","yes","oak","47","47_3"
"2283","yes","oak","47","47_3"
"2284","no","oak","47","47_3"
"2285","yes","oak","47","47_3"
"2286","yes","oak","47","47_3"
"2287","no","pine","47","47_3"
"2288","no","oak","47","47_3"
"2289","yes","oak","47","47_3"
"2290","no","pine","47","47_3"
"2291","yes","oak","47","47_3"
"2292","yes","oak","47","47_3"
"2293","yes","oak","47","47_3"
"2294","no","oak","47","47_3"
"2295","yes","oak","47","47_3"
"2296","no","oak","47","47_4"
"2297","no","oak","47","47_4"
"2298","no","pine","47","47_4"
"2299","no","oak","47","47_4"
"2300","yes","hardwood (other)","47","47_4"
"2301","yes","oak","47","47_4"
"2302","no","oak","47","47_4"
"2303","no","oak","47","47_4"
"2304","no","oak","47","47_4"
"2305","no","pine","47","47_4"
"2306","no","oak","47","47_4"
"2307","no","pine","47","47_4"
"2308","no","pine","47","47_4"
"2309","no","pine","47","47_4"
"2310","no","pine","47","47_4"
"2311","no","oak","47","47_5"
"2312","no","oak","47","47_5"
"2313","no","oak","47","47_5"
"2314","no","oak","47","47_5"
"2315","yes","oak","47","47_5"
"2316","no","oak","47","47_5"
"2317","no","oak","47","47_5"
"2318","no","oak","47","47_5"
"2319","no","oak","47","47_5"
"2320","yes","oak","47","47_5"
"2321","no","oak","47","47_5"
"2322","no","pine","47","47_5"
"2323","yes","oak","47","47_5"
"2324","no","pine","47","47_5"
"2325","no","pine","47","47_5"
"2326","no","beech","49","49_1"
"2327","no","beech","49","49_1"
"2328","no","oak","49","49_1"
"2329","no","oak","49","49_1"
"2330","no","ash/maple/elm/lime","49","49_1"
"2331","no","beech","49","49_1"
"2332","yes","oak","49","49_1"
"2333","no","beech","49","49_1"
"2334","yes","beech","49","49_1"
"2335","no","beech","49","49_1"
"2336","yes","oak","49","49_1"
"2337","no","beech","49","49_1"
"2338","no","beech","49","49_1"
"2339","no","beech","49","49_1"
"2340","no","beech","49","49_1"
"2341","no","beech","49","49_2"
"2342","yes","pine","49","49_2"
"2343","no","beech","49","49_2"
"2344","no","oak","49","49_2"
"2345","no","oak","49","49_2"
"2346","no","ash/maple/elm/lime","49","49_2"
"2347","no","beech","49","49_2"
"2348","no","beech","49","49_2"
"2349","no","pine","49","49_2"
"2350","no","beech","49","49_2"
"2351","no","beech","49","49_2"
"2352","no","ash/maple/elm/lime","49","49_2"
"2353","no","pine","49","49_2"
"2354","no","pine","49","49_2"
"2355","no","beech","49","49_2"
"2356","no","beech","49","49_3"
"2357","no","pine","49","49_3"
"2358","no","pine","49","49_3"
"2359","no","oak","49","49_3"
"2360","no","beech","49","49_3"
"2361","no","beech","49","49_3"
"2362","no","oak","49","49_3"
"2363","no","oak","49","49_3"
"2364","no","oak","49","49_3"
"2365","yes","ash/maple/elm/lime","49","49_3"
"2366","no","beech","49","49_3"
"2367","no","pine","49","49_3"
"2368","no","beech","49","49_3"
"2369","no","oak","49","49_3"
"2370","no","oak","49","49_3"
"2371","no","beech","49","49_4"
"2372","yes","oak","49","49_4"
"2373","no","oak","49","49_4"
"2374","no","pine","49","49_4"
"2375","no","oak","49","49_4"
"2376","yes","oak","49","49_4"
"2377","no","oak","49","49_4"
"2378","no","oak","49","49_4"
"2379","no","oak","49","49_4"
"2380","no","ash/maple/elm/lime","49","49_4"
"2381","no","pine","49","49_4"
"2382","no","oak","49","49_4"
"2383","no","oak","49","49_4"
"2384","no","ash/maple/elm/lime","49","49_4"
"2385","no","oak","49","49_4"
"2386","yes","hardwood (other)","49","49_5"
"2387","yes","oak","49","49_5"
"2388","no","pine","49","49_5"
"2389","yes","pine","49","49_5"
"2390","no","pine","49","49_5"
"2391","no","pine","49","49_5"
"2392","no","pine","49","49_5"
"2393","no","pine","49","49_5"
"2394","no","pine","49","49_5"
"2395","no","pine","49","49_5"
"2396","no","pine","49","49_5"
"2397","no","pine","49","49_5"
"2398","no","pine","49","49_5"
"2399","no","pine","49","49_5"
"2400","yes","oak","49","49_5"
"2401","yes","oak","50","50_1"
"2402","no","oak","50","50_1"
"2403","no","pine","50","50_1"
"2404","no","pine","50","50_1"
"2405","no","pine","50","50_1"
"2406","no","pine","50","50_1"
"2407","no","pine","50","50_1"
"2408","no","oak","50","50_1"
"2409","no","pine","50","50_1"
"2410","no","oak","50","50_1"
"2411","no","pine","50","50_1"
"2412","no","pine","50","50_1"
"2413","no","pine","50","50_1"
"2414","no","oak","50","50_1"
"2415","no","pine","50","50_1"
"2416","no","pine","50","50_2"
"2417","no","spruce","50","50_2"
"2418","no","pine","50","50_2"
"2419","no","pine","50","50_2"
"2420","no","pine","50","50_2"
"2421","no","oak","50","50_2"
"2422","no","pine","50","50_2"
"2423","no","oak","50","50_2"
"2424","no","pine","50","50_2"
"2425","no","pine","50","50_2"
"2426","no","pine","50","50_2"
"2427","no","pine","50","50_2"
"2428","no","pine","50","50_2"
"2429","no","pine","50","50_2"
"2430","no","pine","50","50_2"
"2431","no","pine","50","50_3"
"2432","no","pine","50","50_3"
"2433","no","pine","50","50_3"
"2434","no","pine","50","50_3"
"2435","no","oak","50","50_3"
"2436","no","pine","50","50_3"
"2437","no","oak","50","50_3"
"2438","no","pine","50","50_3"
"2439","no","pine","50","50_3"
"2440","no","pine","50","50_3"
"2441","no","pine","50","50_3"
"2442","no","oak","50","50_3"
"2443","no","pine","50","50_3"
"2444","no","pine","50","50_3"
"2445","no","pine","50","50_3"
"2446","no","oak","50","50_4"
"2447","no","pine","50","50_4"
"2448","no","pine","50","50_4"
"2449","no","pine","50","50_4"
"2450","no","pine","50","50_4"
"2451","no","pine","50","50_4"
"2452","no","pine","50","50_4"
"2453","no","oak","50","50_4"
"2454","no","pine","50","50_4"
"2455","no","pine","50","50_4"
"2456","no","pine","50","50_4"
"2457","no","pine","50","50_4"
"2458","no","pine","50","50_4"
"2459","no","oak","50","50_4"
"2460","no","pine","50","50_4"
"2461","no","oak","50","50_5"
"2462","no","pine","50","50_5"
"2463","yes","oak","50","50_5"
"2464","no","pine","50","50_5"
"2465","no","hardwood (other)","50","50_5"
"2466","no","pine","50","50_5"
"2467","no","pine","50","50_5"
"2468","no","pine","50","50_5"
"2469","no","pine","50","50_5"
"2470","no","pine","50","50_5"
"2471","no","pine","50","50_5"
"2472","no","pine","50","50_5"
"2473","no","pine","50","50_5"
"2474","no","pine","50","50_5"
"2475","no","pine","50","50_5"
"2476","no","oak","51","51_1"
"2477","yes","oak","51","51_1"
"2478","yes","oak","51","51_1"
"2479","yes","oak","51","51_1"
"2480","no","oak","51","51_1"
"2481","yes","oak","51","51_1"
"2482","yes","oak","51","51_1"
"2483","no","oak","51","51_1"
"2484","yes","oak","51","51_1"
"2485","yes","oak","51","51_1"
"2486","yes","oak","51","51_1"
"2487","no","pine","51","51_1"
"2488","yes","oak","51","51_1"
"2489","yes","oak","51","51_1"
"2490","no","beech","51","51_1"
"2491","yes","oak","51","51_2"
"2492","no","oak","51","51_2"
"2493","no","oak","51","51_2"
"2494","no","oak","51","51_2"
"2495","no","oak","51","51_2"
"2496","yes","oak","51","51_2"
"2497","yes","oak","51","51_2"
"2498","no","beech","51","51_2"
"2499","no","beech","51","51_2"
"2500","no","pine","51","51_2"
"2501","no","oak","51","51_2"
"2502","yes","oak","51","51_2"
"2503","yes","oak","51","51_2"
"2504","no","oak","51","51_2"
"2505","yes","oak","51","51_2"
"2506","yes","oak","51","51_3"
"2507","yes","oak","51","51_3"
"2508","no","oak","51","51_3"
"2509","no","oak","51","51_3"
"2510","yes","beech","51","51_3"
"2511","no","beech","51","51_3"
"2512","yes","oak","51","51_3"
"2513","yes","oak","51","51_3"
"2514","yes","beech","51","51_3"
"2515","yes","oak","51","51_3"
"2516","yes","oak","51","51_3"
"2517","no","oak","51","51_3"
"2518","no","oak","51","51_3"
"2519","yes","oak","51","51_3"
"2520","yes","oak","51","51_3"
"2521","no","beech","51","51_4"
"2522","yes","oak","51","51_4"
"2523","no","oak","51","51_4"
"2524","no","oak","51","51_4"
"2525","no","oak","51","51_4"
"2526","no","oak","51","51_4"
"2527","yes","oak","51","51_4"
"2528","yes","oak","51","51_4"
"2529","yes","oak","51","51_4"
"2530","no","hardwood (other)","51","51_4"
"2531","yes","hardwood (other)","51","51_4"
"2532","yes","beech","51","51_4"
"2533","yes","oak","51","51_4"
"2534","no","oak","51","51_4"
"2535","yes","oak","51","51_4"
"2536","no","pine","51","51_5"
"2537","yes","oak","51","51_5"
"2538","no","pine","51","51_5"
"2539","no","pine","51","51_5"
"2540","yes","hardwood (other)","51","51_5"
"2541","no","pine","51","51_5"
"2542","no","oak","51","51_5"
"2543","no","oak","51","51_5"
"2544","no","pine","51","51_5"
"2545","no","beech","51","51_5"
"2546","yes","hardwood (other)","51","51_5"
"2547","no","pine","51","51_5"
"2548","yes","oak","51","51_5"
"2549","yes","oak","51","51_5"
"2550","no","pine","51","51_5"
"2551","no","oak","52","52_1"
"2552","no","hardwood (other)","52","52_1"
"2553","no","beech","52","52_1"
"2554","no","hardwood (other)","52","52_1"
"2555","no","hardwood (other)","52","52_1"
"2556","yes","oak","52","52_1"
"2557","no","oak","52","52_1"
"2558","no","oak","52","52_1"
"2559","no","hardwood (other)","52","52_1"
"2560","yes","hardwood (other)","52","52_1"
"2561","no","beech","52","52_1"
"2562","no","oak","52","52_1"
"2563","no","beech","52","52_1"
"2564","no","beech","52","52_1"
"2565","no","oak","52","52_1"
"2566","no","beech","52","52_2"
"2567","no","hardwood (other)","52","52_2"
"2568","no","hardwood (other)","52","52_2"
"2569","no","oak","52","52_2"
"2570","no","beech","52","52_2"
"2571","no","hardwood (other)","52","52_2"
"2572","no","oak","52","52_2"
"2573","yes","oak","52","52_2"
"2574","no","hardwood (other)","52","52_2"
"2575","no","oak","52","52_2"
"2576","no","beech","52","52_2"
"2577","no","hardwood (other)","52","52_2"
"2578","no","oak","52","52_2"
"2579","no","oak","52","52_2"
"2580","no","hardwood (other)","52","52_2"
"2581","no","oak","52","52_3"
"2582","no","oak","52","52_3"
"2583","no","beech","52","52_3"
"2584","no","oak","52","52_3"
"2585","no","beech","52","52_3"
"2586","yes","oak","52","52_3"
"2587","no","oak","52","52_3"
"2588","no","beech","52","52_3"
"2589","no","beech","52","52_3"
"2590","no","oak","52","52_3"
"2591","no","beech","52","52_3"
"2592","no","oak","52","52_3"
"2593","no","beech","52","52_3"
"2594","no","beech","52","52_3"
"2595","no","beech","52","52_3"
"2596","no","oak","52","52_4"
"2597","no","hardwood (other)","52","52_4"
"2598","no","oak","52","52_4"
"2599","no","oak","52","52_4"
"2600","yes","hardwood (other)","52","52_4"
"2601","yes","hardwood (other)","52","52_4"
"2602","no","hardwood (other)","52","52_4"
"2603","no","beech","52","52_4"
"2604","no","oak","52","52_4"
"2605","no","hardwood (other)","52","52_4"
"2606","no","oak","52","52_4"
"2607","no","oak","52","52_4"
"2608","no","hardwood (other)","52","52_4"
"2609","yes","hardwood (other)","52","52_4"
"2610","no","oak","52","52_4"
"2611","no","beech","52","52_5"
"2612","no","oak","52","52_5"
"2613","no","oak","52","52_5"
"2614","no","beech","52","52_5"
"2615","no","hardwood (other)","52","52_5"
"2616","no","oak","52","52_5"
"2617","no","beech","52","52_5"
"2618","no","hardwood (other)","52","52_5"
"2619","no","oak","52","52_5"
"2620","no","hardwood (other)","52","52_5"
"2621","no","oak","52","52_5"
"2622","no","oak","52","52_5"
"2623","no","oak","52","52_5"
"2624","no","beech","52","52_5"
"2625","no","hardwood (other)","52","52_5"
"2626","yes","hardwood (other)","53","53_1"
"2627","no","hardwood (other)","53","53_1"
"2628","no","pine","53","53_1"
"2629","no","pine","53","53_1"
"2630","no","oak","53","53_1"
"2631","no","oak","53","53_1"
"2632","no","pine","53","53_1"
"2633","no","pine","53","53_1"
"2634","no","pine","53","53_1"
"2635","no","hardwood (other)","53","53_1"
"2636","no","oak","53","53_1"
"2637","no","oak","53","53_1"
"2638","no","pine","53","53_1"
"2639","no","pine","53","53_1"
"2640","no","hardwood (other)","53","53_1"
"2641","no","pine","53","53_2"
"2642","no","pine","53","53_2"
"2643","no","pine","53","53_2"
"2644","no","pine","53","53_2"
"2645","no","pine","53","53_2"
"2646","no","hardwood (other)","53","53_2"
"2647","no","hardwood (other)","53","53_2"
"2648","no","pine","53","53_2"
"2649","no","pine","53","53_2"
"2650","no","hardwood (other)","53","53_2"
"2651","no","hardwood (other)","53","53_2"
"2652","no","hardwood (other)","53","53_2"
"2653","yes","hardwood (other)","53","53_2"
"2654","yes","hardwood (other)","53","53_2"
"2655","no","hardwood (other)","53","53_2"
"2656","no","pine","53","53_3"
"2657","no","pine","53","53_3"
"2658","no","pine","53","53_3"
"2659","no","hardwood (other)","53","53_3"
"2660","no","hardwood (other)","53","53_3"
"2661","no","pine","53","53_3"
"2662","no","pine","53","53_3"
"2663","no","pine","53","53_3"
"2664","no","pine","53","53_3"
"2665","no","pine","53","53_3"
"2666","no","oak","53","53_3"
"2667","no","pine","53","53_3"
"2668","no","pine","53","53_3"
"2669","no","pine","53","53_3"
"2670","no","pine","53","53_3"
"2671","no","spruce","53","53_4"
"2672","yes","hardwood (other)","53","53_4"
"2673","yes","hardwood (other)","53","53_4"
"2674","yes","hardwood (other)","53","53_4"
"2675","yes","oak","53","53_4"
"2676","yes","oak","53","53_4"
"2677","yes","oak","53","53_4"
"2678","no","pine","53","53_4"
"2679","no","oak","53","53_4"
"2680","no","pine","53","53_4"
"2681","no","pine","53","53_4"
"2682","no","pine","53","53_4"
"2683","no","pine","53","53_4"
"2684","no","hardwood (other)","53","53_4"
"2685","no","pine","53","53_4"
"2686","yes","oak","53","53_5"
"2687","no","pine","53","53_5"
"2688","no","pine","53","53_5"
"2689","no","pine","53","53_5"
"2690","no","pine","53","53_5"
"2691","no","pine","53","53_5"
"2692","yes","hardwood (other)","53","53_5"
"2693","no","oak","53","53_5"
"2694","no","spruce","53","53_5"
"2695","no","pine","53","53_5"
"2696","no","pine","53","53_5"
"2697","no","pine","53","53_5"
"2698","no","pine","53","53_5"
"2699","no","pine","53","53_5"
"2700","no","pine","53","53_5"
